"File path"," function name"," Library Type"," Number of Params","Parameter Names"," Invocation Location"," Declaration Location"," isItPredefined"
"/home/elena/Documents/Projeto/TestesJs/acmeair-nodejs-master/app.js","require","NONE","1","'express'","<app.js(17- 15) - app.js(17- 33)>","","False"
"/home/elena/Documents/Projeto/TestesJs/acmeair-nodejs-master/app.js","require","NONE","1","'http'","<app.js(18- 12) - app.js(18- 27)>","","False"
"/home/elena/Documents/Projeto/TestesJs/acmeair-nodejs-master/app.js","require","NONE","1","'fs'","<app.js(19- 10) - app.js(19- 23)>","","False"
"/home/elena/Documents/Projeto/TestesJs/acmeair-nodejs-master/app.js","require","NONE","1","'log4js'","<app.js(20- 14) - app.js(20- 31)>","","False"
"/home/elena/Documents/Projeto/TestesJs/acmeair-nodejs-master/app.js","fs.readFileSync","NONE","2","'settings.json'|'utf8'","<app.js(21- 27) - app.js(21- 67)>","","False"
"/home/elena/Documents/Projeto/TestesJs/acmeair-nodejs-master/app.js","JSON.parse","NONE","1","fs.readFileSync","<app.js(21- 16) - app.js(21- 68)>","","False"
"/home/elena/Documents/Projeto/TestesJs/acmeair-nodejs-master/app.js","log4js.getLogger","NONE","1","'app'","<app.js(23- 14) - app.js(23- 37)>","","False"
"/home/elena/Documents/Projeto/TestesJs/acmeair-nodejs-master/app.js","logger.setLevel","NONE","1","settings.loggerLevel","<app.js(24- 1) - app.js(24- 38)>","","False"
"/home/elena/Documents/Projeto/TestesJs/acmeair-nodejs-master/app.js","logger.info","NONE","1","host:port== + host + : + port","<app.js(30- 1) - app.js(30- 41)>","","False"
"/home/elena/Documents/Projeto/TestesJs/acmeair-nodejs-master/app.js","logger.info","NONE","1","Use authservice: + authServiceLocation","<app.js(36- 2) - app.js(36- 53)>","","False"
"/home/elena/Documents/Projeto/TestesJs/acmeair-nodejs-master/app.js","authServiceLocation.indexOf","NONE","1",":","<app.js(38- 6) - app.js(38- 38)>","","False"
"/home/elena/Documents/Projeto/TestesJs/acmeair-nodejs-master/app.js","require","NONE","1","'./' + authModule + '/index.js'","<app.js(43- 19) - app.js(43- 55)>","","False"
"/home/elena/Documents/Projeto/TestesJs/acmeair-nodejs-master/app.js","logger.info","NONE","1","Enabled Hystrix","<app.js(47- 3) - app.js(47- 33)>","","False"
"/home/elena/Documents/Projeto/TestesJs/acmeair-nodejs-master/app.js","require","NONE","1","'./acmeaircmd/index.js'","<app.js(48- 19) - app.js(48- 51)>","","False"
"/home/elena/Documents/Projeto/TestesJs/acmeair-nodejs-master/app.js","JSON.parse","NONE","1","process.env.VCAP_SERVICES","<app.js(57- 12) - app.js(57- 49)>","","False"
"/home/elena/Documents/Projeto/TestesJs/acmeair-nodejs-master/app.js","logger.info","NONE","2","env: %j|env","<app.js(58- 8) - app.js(58- 34)>","","False"
"/home/elena/Documents/Projeto/TestesJs/acmeair-nodejs-master/app.js","Object.keys","NONE","1","env","<app.js(59- 19) - app.js(59- 35)>","","False"
"/home/elena/Documents/Projeto/TestesJs/acmeair-nodejs-master/app.js","serviceKey.indexOf","NONE","1","'cloudant'","<app.js(60- 20) - app.js(60- 50)>","","False"
"/home/elena/Documents/Projeto/TestesJs/acmeair-nodejs-master/app.js","serviceKey.indexOf","NONE","1","'redis'","<app.js(62- 25) - app.js(62- 52)>","","False"
"/home/elena/Documents/Projeto/TestesJs/acmeair-nodejs-master/app.js","logger.info","NONE","1","db type== + dbtype","<app.js(65- 1) - app.js(65- 32)>","","False"
"/home/elena/Documents/Projeto/TestesJs/acmeair-nodejs-master/app.js","require","NONE","1","'./routes/index.js'","<app.js(67- 14) - app.js(67- 42)>","","False"
"/home/elena/Documents/Projeto/TestesJs/acmeair-nodejs-master/app.js","require","NONE","1","'./loader/loader.js'","<app.js(69- 14) - app.js(69- 43)>","","False"
"/home/elena/Documents/Projeto/TestesJs/acmeair-nodejs-master/app.js","express","NONE","0","","<app.js(74- 11) - app.js(74- 20)>","","False"
"/home/elena/Documents/Projeto/TestesJs/acmeair-nodejs-master/app.js","require","NONE","1","'morgan'","<app.js(75- 22) - app.js(75- 39)>","","False"
"/home/elena/Documents/Projeto/TestesJs/acmeair-nodejs-master/app.js","require","NONE","1","'body-parser'","<app.js(76- 22) - app.js(76- 44)>","","False"
"/home/elena/Documents/Projeto/TestesJs/acmeair-nodejs-master/app.js","require","NONE","1","'method-override'","<app.js(77- 22) - app.js(77- 48)>","","False"
"/home/elena/Documents/Projeto/TestesJs/acmeair-nodejs-master/app.js","require","NONE","1","'cookie-parser'","<app.js(78- 20) - app.js(78- 44)>","","False"
"/home/elena/Documents/Projeto/TestesJs/acmeair-nodejs-master/app.js","express.static","NONE","1","__dirname + '/public'","<app.js(80- 9) - app.js(80- 46)>","","False"
"/home/elena/Documents/Projeto/TestesJs/acmeair-nodejs-master/app.js","app.use","NONE","1","express.static","<app.js(80- 1) - app.js(80- 47)>","","False"
"/home/elena/Documents/Projeto/TestesJs/acmeair-nodejs-master/app.js","morgan","NONE","1","'dev'","<app.js(82- 10) - app.js(82- 23)>","","False"
"/home/elena/Documents/Projeto/TestesJs/acmeair-nodejs-master/app.js","app.use","NONE","1","morgan","<app.js(82- 2) - app.js(82- 24)>","","False"
"/home/elena/Documents/Projeto/TestesJs/acmeair-nodejs-master/app.js","bodyParser.json","NONE","0","","<app.js(85- 18) - app.js(85- 35)>","","False"
"/home/elena/Documents/Projeto/TestesJs/acmeair-nodejs-master/app.js","bodyParser.urlencoded","NONE","1","","<app.js(87- 24) - app.js(87- 66)>","","False"
"/home/elena/Documents/Projeto/TestesJs/acmeair-nodejs-master/app.js","app.use","NONE","1","jsonParser","<app.js(89- 1) - app.js(89- 20)>","","False"
"/home/elena/Documents/Projeto/TestesJs/acmeair-nodejs-master/app.js","app.use","NONE","1","urlencodedParser","<app.js(90- 1) - app.js(90- 26)>","","False"
"/home/elena/Documents/Projeto/TestesJs/acmeair-nodejs-master/app.js","bodyParser.text","NONE","1","","<app.js(92- 9) - app.js(92- 47)>","","False"
"/home/elena/Documents/Projeto/TestesJs/acmeair-nodejs-master/app.js","app.use","NONE","1","bodyParser.text","<app.js(92- 1) - app.js(92- 48)>","","False"
"/home/elena/Documents/Projeto/TestesJs/acmeair-nodejs-master/app.js","methodOverride","NONE","0","","<app.js(94- 9) - app.js(94- 25)>","","False"
"/home/elena/Documents/Projeto/TestesJs/acmeair-nodejs-master/app.js","app.use","NONE","1","methodOverride","<app.js(94- 1) - app.js(94- 26)>","","False"
"/home/elena/Documents/Projeto/TestesJs/acmeair-nodejs-master/app.js","cookieParser","NONE","0","","<app.js(95- 9) - app.js(95- 23)>","","False"
"/home/elena/Documents/Projeto/TestesJs/acmeair-nodejs-master/app.js","app.use","NONE","1","cookieParser","<app.js(95- 1) - app.js(95- 24)>","","False"
"/home/elena/Documents/Projeto/TestesJs/acmeair-nodejs-master/app.js","express.Router","NONE","0","","<app.js(97- 14) - app.js(97- 30)>","","False"
"/home/elena/Documents/Projeto/TestesJs/acmeair-nodejs-master/app.js","router.post","NONE","2","'/login'|login","<app.js(99- 1) - app.js(99- 29)>","","False"
"/home/elena/Documents/Projeto/TestesJs/acmeair-nodejs-master/app.js","router.get","NONE","2","'/login/logout'|logout","<app.js(100- 1) - app.js(100- 36)>","","False"
"/home/elena/Documents/Projeto/TestesJs/acmeair-nodejs-master/app.js","router.post","NONE","3","'/flights/queryflights'|routes.checkForValidSessionCookie|routes.queryflights","<app.js(101- 1) - app.js(101- 93)>","","False"
"/home/elena/Documents/Projeto/TestesJs/acmeair-nodejs-master/app.js","router.post","NONE","3","'/bookings/bookflights'|routes.checkForValidSessionCookie|routes.bookflights","<app.js(102- 1) - app.js(102- 92)>","","False"
"/home/elena/Documents/Projeto/TestesJs/acmeair-nodejs-master/app.js","router.post","NONE","3","'/bookings/cancelbooking'|routes.checkForValidSessionCookie|routes.cancelBooking","<app.js(103- 1) - app.js(103- 96)>","","False"
"/home/elena/Documents/Projeto/TestesJs/acmeair-nodejs-master/app.js","router.get","NONE","3","'/bookings/byuser/:user'|routes.checkForValidSessionCookie|routes.bookingsByUser","<app.js(104- 1) - app.js(104- 95)>","","False"
"/home/elena/Documents/Projeto/TestesJs/acmeair-nodejs-master/app.js","router.get","NONE","3","'/customer/byid/:user'|routes.checkForValidSessionCookie|routes.getCustomerById","<app.js(105- 1) - app.js(105- 94)>","","False"
"/home/elena/Documents/Projeto/TestesJs/acmeair-nodejs-master/app.js","router.post","NONE","3","'/customer/byid/:user'|routes.checkForValidSessionCookie|routes.putCustomerById","<app.js(106- 1) - app.js(106- 95)>","","False"
"/home/elena/Documents/Projeto/TestesJs/acmeair-nodejs-master/app.js","router.get","NONE","2","'/config/runtime'|routes.getRuntimeInfo","<app.js(107- 1) - app.js(107- 53)>","","False"
"/home/elena/Documents/Projeto/TestesJs/acmeair-nodejs-master/app.js","router.get","NONE","2","'/config/dataServices'|routes.getDataServiceInfo","<app.js(108- 1) - app.js(108- 62)>","","False"
"/home/elena/Documents/Projeto/TestesJs/acmeair-nodejs-master/app.js","router.get","NONE","2","'/config/activeDataService'|routes.getActiveDataServiceInfo","<app.js(109- 1) - app.js(109- 73)>","","False"
"/home/elena/Documents/Projeto/TestesJs/acmeair-nodejs-master/app.js","router.get","NONE","2","'/config/countBookings'|routes.countBookings","<app.js(110- 1) - app.js(110- 58)>","","False"
"/home/elena/Documents/Projeto/TestesJs/acmeair-nodejs-master/app.js","router.get","NONE","2","'/config/countCustomers'|routes.countCustomer","<app.js(111- 1) - app.js(111- 59)>","","False"
"/home/elena/Documents/Projeto/TestesJs/acmeair-nodejs-master/app.js","router.get","NONE","2","'/config/countSessions'|routes.countCustomerSessions","<app.js(112- 1) - app.js(112- 66)>","","False"
"/home/elena/Documents/Projeto/TestesJs/acmeair-nodejs-master/app.js","router.get","NONE","2","'/config/countFlights'|routes.countFlights","<app.js(113- 1) - app.js(113- 56)>","","False"
"/home/elena/Documents/Projeto/TestesJs/acmeair-nodejs-master/app.js","router.get","NONE","2","'/config/countFlightSegments'|routes.countFlightSegments","<app.js(114- 1) - app.js(114- 70)>","","False"
"/home/elena/Documents/Projeto/TestesJs/acmeair-nodejs-master/app.js","router.get","NONE","2","'/config/countAirports'|routes.countAirports","<app.js(115- 1) - app.js(115- 59)>","","False"
"/home/elena/Documents/Projeto/TestesJs/acmeair-nodejs-master/app.js","router.get","NONE","2","'/loader/load'|startLoadDatabase","<app.js(117- 1) - app.js(117- 46)>","","False"
"/home/elena/Documents/Projeto/TestesJs/acmeair-nodejs-master/app.js","router.get","NONE","2","'/loader/query'|loader.getNumConfiguredCustomers","<app.js(118- 1) - app.js(118- 62)>","","False"
"/home/elena/Documents/Projeto/TestesJs/acmeair-nodejs-master/app.js","router.get","NONE","2","'/checkstatus'|checkStatus","<app.js(119- 1) - app.js(119- 40)>","","False"
"/home/elena/Documents/Projeto/TestesJs/acmeair-nodejs-master/app.js","app.get","NONE","2","'/rest/api/hystrix.stream'|authService.hystrixStream","<app.js(122- 2) - app.js(122- 64)>","","False"
"/home/elena/Documents/Projeto/TestesJs/acmeair-nodejs-master/app.js","app.use","NONE","2","settings.contextRoot|router","<app.js(126- 1) - app.js(126- 38)>","","False"
"/home/elena/Documents/Projeto/TestesJs/acmeair-nodejs-master/app.js","initDB","NONE","0","","<app.js(135- 3) - app.js(135- 11)>","","False"
"/home/elena/Documents/Projeto/TestesJs/acmeair-nodejs-master/app.js","authService.initialize","NONE","1","","<app.js(134- 2) - app.js(136- 4)>","","False"
"/home/elena/Documents/Projeto/TestesJs/acmeair-nodejs-master/app.js","initDB","NONE","0","","<app.js(139- 2) - app.js(139- 10)>","","False"
"/home/elena/Documents/Projeto/TestesJs/acmeair-nodejs-master/app.js","res.sendStatus","NONE","1","200","<app.js(143- 2) - app.js(143- 21)>","","False"
"/home/elena/Documents/Projeto/TestesJs/acmeair-nodejs-master/app.js","logger.info","NONE","1","please wait for db connection initialized then trigger again.","<app.js(149- 3) - app.js(149- 79)>","","False"
"/home/elena/Documents/Projeto/TestesJs/acmeair-nodejs-master/app.js","initDB","NONE","0","","<app.js(150- 3) - app.js(150- 11)>","","False"
"/home/elena/Documents/Projeto/TestesJs/acmeair-nodejs-master/app.js","res.sendStatus","NONE","1","403","<app.js(151- 3) - app.js(151- 22)>","","False"
"/home/elena/Documents/Projeto/TestesJs/acmeair-nodejs-master/app.js","routes.login","NONE","2","req|res","<app.js(153- 3) - app.js(153- 25)>","","False"
"/home/elena/Documents/Projeto/TestesJs/acmeair-nodejs-master/app.js","logger.info","NONE","1","please wait for db connection initialized then trigger again.","<app.js(159- 3) - app.js(159- 79)>","","False"
"/home/elena/Documents/Projeto/TestesJs/acmeair-nodejs-master/app.js","initDB","NONE","0","","<app.js(160- 3) - app.js(160- 11)>","","False"
"/home/elena/Documents/Projeto/TestesJs/acmeair-nodejs-master/app.js","res.sendStatus","NONE","1","400","<app.js(161- 3) - app.js(161- 22)>","","False"
"/home/elena/Documents/Projeto/TestesJs/acmeair-nodejs-master/app.js","routes.logout","NONE","2","req|res","<app.js(163- 3) - app.js(163- 26)>","","False"
"/home/elena/Documents/Projeto/TestesJs/acmeair-nodejs-master/app.js","logger.info","NONE","1","please wait for db connection initialized then trigger again.","<app.js(170- 3) - app.js(170- 79)>","","False"
"/home/elena/Documents/Projeto/TestesJs/acmeair-nodejs-master/app.js","initDB","NONE","0","","<app.js(171- 3) - app.js(171- 11)>","","False"
"/home/elena/Documents/Projeto/TestesJs/acmeair-nodejs-master/app.js","res.sendStatus","NONE","1","400","<app.js(172- 3) - app.js(172- 22)>","","False"
"/home/elena/Documents/Projeto/TestesJs/acmeair-nodejs-master/app.js","loader.startLoadDatabase","NONE","2","req|res","<app.js(174- 3) - app.js(174- 37)>","","False"
"/home/elena/Documents/Projeto/TestesJs/acmeair-nodejs-master/app.js","logger.info","NONE","1","'Error connecting to database - exiting process: ' + error","<app.js(181- 3) - app.js(181- 73)>","","False"
"/home/elena/Documents/Projeto/TestesJs/acmeair-nodejs-master/app.js","logger.info","NONE","1","Initialized database connections","<app.js(187- 2) - app.js(187- 49)>","","False"
"/home/elena/Documents/Projeto/TestesJs/acmeair-nodejs-master/app.js","startServer","NONE","0","","<app.js(188- 2) - app.js(188- 15)>","","False"
"/home/elena/Documents/Projeto/TestesJs/acmeair-nodejs-master/app.js","routes.initializeDatabaseConnections","NONE","1","","<app.js(179- 3) - app.js(189- 4)>","","False"
"/home/elena/Documents/Projeto/TestesJs/acmeair-nodejs-master/app.js","app.listen","NONE","1","port","<app.js(196- 2) - app.js(196- 18)>","","False"
"/home/elena/Documents/Projeto/TestesJs/acmeair-nodejs-master/app.js","logger.info","NONE","1","Express server listening on port  + port","<app.js(197- 2) - app.js(197- 57)>","","False"
