"File path"," function name"," Library Type"," Number of Params","Parameter Names"," Invocation Location"," Declaration Location"," isItPredefined"
"/home/elena/Documents/Projeto/TestesJs/acmeair-nodejs-master/acmeairhttp/index.js","require","NONE","1","'http'","<index.js(19- 16) - index.js(19- 31)>","","False"
"/home/elena/Documents/Projeto/TestesJs/acmeair-nodejs-master/acmeairhttp/index.js","location.split","NONE","1",":","<index.js(24- 23) - index.js(24- 42)>","","False"
"/home/elena/Documents/Projeto/TestesJs/acmeair-nodejs-master/acmeairhttp/index.js","require","NONE","1","'log4js'","<index.js(26- 15) - index.js(26- 32)>","","False"
"/home/elena/Documents/Projeto/TestesJs/acmeair-nodejs-master/acmeairhttp/index.js","log4js.getLogger","NONE","1","'acmeairhttp'","<index.js(27- 15) - index.js(27- 46)>","","False"
"/home/elena/Documents/Projeto/TestesJs/acmeair-nodejs-master/acmeairhttp/index.js","logger.setLevel","NONE","1","settings.loggerLevel","<index.js(28- 2) - index.js(28- 39)>","","False"
"/home/elena/Documents/Projeto/TestesJs/acmeair-nodejs-master/acmeairhttp/index.js","JSON.stringify","NONE","1","options","<index.js(42- 46) - index.js(42- 69)>","","False"
"/home/elena/Documents/Projeto/TestesJs/acmeair-nodejs-master/acmeairhttp/index.js","logger.debug","NONE","1","'createSession  options:' + stringify","<index.js(42- 7) - index.js(42- 70)>","","False"
"/home/elena/Documents/Projeto/TestesJs/acmeair-nodejs-master/acmeairhttp/index.js","response.setEncoding","NONE","1","'utf8'","<index.js(45- 6) - index.js(45- 34)>","","False"
"/home/elena/Documents/Projeto/TestesJs/acmeair-nodejs-master/acmeairhttp/index.js","response.on","NONE","2","'data'|","<index.js(46- 6) - index.js(48- 8)>","","False"
"/home/elena/Documents/Projeto/TestesJs/acmeair-nodejs-master/acmeairhttp/index.js","callback","NONE","2","StatusCode: + statusCode + -Body: + data|null","<index.js(51- 8) - index.js(51- 72)>","","False"
"/home/elena/Documents/Projeto/TestesJs/acmeair-nodejs-master/acmeairhttp/index.js","JSON.parse","NONE","1","data","<index.js(53- 21) - index.js(53- 37)>","","False"
"/home/elena/Documents/Projeto/TestesJs/acmeair-nodejs-master/acmeairhttp/index.js","callback","NONE","2","null|jsonData._id","<index.js(54- 24) - index.js(54- 52)>","","False"
"/home/elena/Documents/Projeto/TestesJs/acmeair-nodejs-master/acmeairhttp/index.js","callback","NONE","2","null|jsonData.id","<index.js(55- 16) - index.js(55- 43)>","","False"
"/home/elena/Documents/Projeto/TestesJs/acmeair-nodejs-master/acmeairhttp/index.js","response.on","NONE","2","'end'|","<index.js(49- 12) - index.js(57- 7)>","","False"
"/home/elena/Documents/Projeto/TestesJs/acmeair-nodejs-master/acmeairhttp/index.js","http.request","NONE","2","options|","<index.js(43- 21) - index.js(58- 5)>","","False"
"/home/elena/Documents/Projeto/TestesJs/acmeair-nodejs-master/acmeairhttp/index.js","callback","NONE","2","'problem with request: ' + message|null","<index.js(60- 3) - index.js(60- 55)>","","False"
"/home/elena/Documents/Projeto/TestesJs/acmeair-nodejs-master/acmeairhttp/index.js","request.on","NONE","2","'error'|","<index.js(59- 6) - index.js(61- 8)>","","False"
"/home/elena/Documents/Projeto/TestesJs/acmeair-nodejs-master/acmeairhttp/index.js","request.end","NONE","0","","<index.js(62- 6) - index.js(62- 19)>","","False"
"/home/elena/Documents/Projeto/TestesJs/acmeair-nodejs-master/acmeairhttp/index.js","JSON.stringify","NONE","1","options","<index.js(79- 46) - index.js(79- 69)>","","False"
"/home/elena/Documents/Projeto/TestesJs/acmeair-nodejs-master/acmeairhttp/index.js","logger.debug","NONE","1","'validateSession request:' + stringify","<index.js(79- 6) - index.js(79- 70)>","","False"
"/home/elena/Documents/Projeto/TestesJs/acmeair-nodejs-master/acmeairhttp/index.js","response.setEncoding","NONE","1","'utf8'","<index.js(83- 10) - index.js(83- 38)>","","False"
"/home/elena/Documents/Projeto/TestesJs/acmeair-nodejs-master/acmeairhttp/index.js","response.on","NONE","2","'data'|","<index.js(84- 10) - index.js(86- 12)>","","False"
"/home/elena/Documents/Projeto/TestesJs/acmeair-nodejs-master/acmeairhttp/index.js","callback","NONE","2","StatusCode: + statusCode + -Body: + data|null","<index.js(89- 13) - index.js(89- 76)>","","False"
"/home/elena/Documents/Projeto/TestesJs/acmeair-nodejs-master/acmeairhttp/index.js","JSON.parse","NONE","1","data","<index.js(91- 28) - index.js(91- 44)>","","False"
"/home/elena/Documents/Projeto/TestesJs/acmeair-nodejs-master/acmeairhttp/index.js","callback","NONE","2","null|JSON.parse","<index.js(91- 13) - index.js(91- 56)>","","False"
"/home/elena/Documents/Projeto/TestesJs/acmeair-nodejs-master/acmeairhttp/index.js","response.on","NONE","2","'end'|","<index.js(87- 11) - index.js(92- 13)>","","False"
"/home/elena/Documents/Projeto/TestesJs/acmeair-nodejs-master/acmeairhttp/index.js","http.request","NONE","2","options|","<index.js(81- 20) - index.js(93- 8)>","","False"
"/home/elena/Documents/Projeto/TestesJs/acmeair-nodejs-master/acmeairhttp/index.js","callback","NONE","2","'problem with request: ' + message|null","<index.js(95- 8) - index.js(95- 60)>","","False"
"/home/elena/Documents/Projeto/TestesJs/acmeair-nodejs-master/acmeairhttp/index.js","request.on","NONE","2","'error'|","<index.js(94- 6) - index.js(96- 8)>","","False"
"/home/elena/Documents/Projeto/TestesJs/acmeair-nodejs-master/acmeairhttp/index.js","request.end","NONE","0","","<index.js(97- 6) - index.js(97- 19)>","","False"
"/home/elena/Documents/Projeto/TestesJs/acmeair-nodejs-master/acmeairhttp/index.js","JSON.stringify","NONE","1","options","<index.js(111- 49) - index.js(111- 72)>","","False"
"/home/elena/Documents/Projeto/TestesJs/acmeair-nodejs-master/acmeairhttp/index.js","logger.debug","NONE","1","'invalidateSession request:' + stringify","<index.js(111- 7) - index.js(111- 73)>","","False"
"/home/elena/Documents/Projeto/TestesJs/acmeair-nodejs-master/acmeairhttp/index.js","response.setEncoding","NONE","1","'utf8'","<index.js(115- 6) - index.js(115- 34)>","","False"
"/home/elena/Documents/Projeto/TestesJs/acmeair-nodejs-master/acmeairhttp/index.js","response.on","NONE","2","'data'|","<index.js(116- 6) - index.js(118- 12)>","","False"
"/home/elena/Documents/Projeto/TestesJs/acmeair-nodejs-master/acmeairhttp/index.js","callback","NONE","1","StatusCode: + statusCode + -Body: + data","<index.js(121- 11) - index.js(121- 69)>","","False"
"/home/elena/Documents/Projeto/TestesJs/acmeair-nodejs-master/acmeairhttp/index.js","callback","NONE","1","null","<index.js(123- 6) - index.js(123- 20)>","","False"
"/home/elena/Documents/Projeto/TestesJs/acmeair-nodejs-master/acmeairhttp/index.js","response.on","NONE","2","'end'|","<index.js(119- 13) - index.js(125- 15)>","","False"
"/home/elena/Documents/Projeto/TestesJs/acmeair-nodejs-master/acmeairhttp/index.js","http.request","NONE","2","options|","<index.js(112- 22) - index.js(126- 8)>","","False"
"/home/elena/Documents/Projeto/TestesJs/acmeair-nodejs-master/acmeairhttp/index.js","callback","NONE","2","'problem with request: ' + message|null","<index.js(128- 4) - index.js(128- 56)>","","False"
"/home/elena/Documents/Projeto/TestesJs/acmeair-nodejs-master/acmeairhttp/index.js","request.on","NONE","2","'error'|","<index.js(127- 4) - index.js(129- 8)>","","False"
"/home/elena/Documents/Projeto/TestesJs/acmeair-nodejs-master/acmeairhttp/index.js","request.end","NONE","0","","<index.js(130- 5) - index.js(130- 18)>","","False"
