"File path"," function name"," FunctionType"," Library Type","Declaration Location"," Number of Params","Parameter Names"," Number of Return Statements"
"/home/elena/Documents/Projeto/TestesJs/acmeair-nodejs-master/authservice_app.js","initDB","DECLARATION","NONE","<authservice_app.js(68- 1) - authservice_app.js(82- 2)>","0","","0"
"/home/elena/Documents/Projeto/TestesJs/acmeair-nodejs-master/authservice_app.js","routes.initializeDatabaseConnections","EXPRESSION","NONE","<authservice_app.js(70- 39) - authservice_app.js(81- 3)>","1","error","0"
"/home/elena/Documents/Projeto/TestesJs/acmeair-nodejs-master/authservice_app.js","startServer","DECLARATION","NONE","<authservice_app.js(85- 1) - authservice_app.js(90- 2)>","0","","0"
"/home/elena/Documents/Projeto/TestesJs/acmeair-nodejs-master/authservice_app.js","checkStatus","DECLARATION","NONE","<authservice_app.js(92- 1) - authservice_app.js(94- 2)>","2","req|res","0"
"/home/elena/Documents/Projeto/TestesJs/acmeair-nodejs-master/authservice_app.js","createToken","DECLARATION","NONE","<authservice_app.js(96- 1) - authservice_app.js(114- 2)>","2","req|res","0"
"/home/elena/Documents/Projeto/TestesJs/acmeair-nodejs-master/authservice_app.js","routes.createSessionInDB","EXPRESSION","NONE","<authservice_app.js(105- 45) - authservice_app.js(112- 7)>","2","error|cs","0"
"/home/elena/Documents/Projeto/TestesJs/acmeair-nodejs-master/authservice_app.js","validateToken","DECLARATION","NONE","<authservice_app.js(116- 1) - authservice_app.js(134- 2)>","2","req|res","0"
"/home/elena/Documents/Projeto/TestesJs/acmeair-nodejs-master/authservice_app.js","routes.validateSessionInDB","EXPRESSION","NONE","<authservice_app.js(125- 50) - authservice_app.js(132- 7)>","2","error|cs","0"
"/home/elena/Documents/Projeto/TestesJs/acmeair-nodejs-master/authservice_app.js","invalidateToken","DECLARATION","NONE","<authservice_app.js(136- 1) - authservice_app.js(152- 2)>","2","req|res","0"
"/home/elena/Documents/Projeto/TestesJs/acmeair-nodejs-master/authservice_app.js","routes.invalidateSessionInDB","EXPRESSION","NONE","<authservice_app.js(145- 52) - authservice_app.js(150- 7)>","1","error","0"
