"File path"," function name"," FunctionType"," Library Type","Declaration Location"," Number of Params","Parameter Names"," Number of Return Statements"
"/home/elena/Documents/Projeto/TestesJs/acmeair-nodejs-master/acmeairhttp/index.js","module.exports","EXPRESSION","NONE","<index.js(17- 18) - index.js(134- 2)>","1","settings","1"
"/home/elena/Documents/Projeto/TestesJs/acmeair-nodejs-master/acmeairhttp/index.js","module.createSession","EXPRESSION","NONE","<index.js(30- 28) - index.js(63- 6)>","2","userid|callback","0"
"/home/elena/Documents/Projeto/TestesJs/acmeair-nodejs-master/acmeairhttp/index.js","request.on","EXPRESSION","NONE","<index.js(59- 26) - index.js(61- 7)>","1","e","0"
"/home/elena/Documents/Projeto/TestesJs/acmeair-nodejs-master/acmeairhttp/index.js","module.validateSession","EXPRESSION","NONE","<index.js(66- 27) - index.js(98- 3)>","2","sessionid|callback","0"
"/home/elena/Documents/Projeto/TestesJs/acmeair-nodejs-master/acmeairhttp/index.js","request.on","EXPRESSION","NONE","<index.js(94- 26) - index.js(96- 7)>","1","e","0"
"/home/elena/Documents/Projeto/TestesJs/acmeair-nodejs-master/acmeairhttp/index.js","module.invalidateSession","EXPRESSION","NONE","<index.js(100- 29) - index.js(131- 3)>","2","sessionid|callback","0"
"/home/elena/Documents/Projeto/TestesJs/acmeair-nodejs-master/acmeairhttp/index.js","request.on","EXPRESSION","NONE","<index.js(127- 24) - index.js(129- 7)>","1","e","0"
