"File path"," function name"," Library Type"," Number of Params","Parameter Names"," Invocation Location"," Declaration Location"," isItPredefined"
"/home/elena/Documents/Projeto/TestesJs/acmeair-nodejs-master/authservice_app.js","require","NONE","1","'fs'","<authservice_app.js(17- 10) - authservice_app.js(17- 23)>","","False"
"/home/elena/Documents/Projeto/TestesJs/acmeair-nodejs-master/authservice_app.js","fs.readFileSync","NONE","2","'settings.json'|'utf8'","<authservice_app.js(18- 27) - authservice_app.js(18- 67)>","","False"
"/home/elena/Documents/Projeto/TestesJs/acmeair-nodejs-master/authservice_app.js","JSON.parse","NONE","1","fs.readFileSync","<authservice_app.js(18- 16) - authservice_app.js(18- 68)>","","False"
"/home/elena/Documents/Projeto/TestesJs/acmeair-nodejs-master/authservice_app.js","require","NONE","1","'log4js'","<authservice_app.js(19- 14) - authservice_app.js(19- 31)>","","False"
"/home/elena/Documents/Projeto/TestesJs/acmeair-nodejs-master/authservice_app.js","log4js.getLogger","NONE","1","'authservice_app'","<authservice_app.js(20- 14) - authservice_app.js(20- 49)>","","False"
"/home/elena/Documents/Projeto/TestesJs/acmeair-nodejs-master/authservice_app.js","logger.setLevel","NONE","1","settings.loggerLevel","<authservice_app.js(21- 1) - authservice_app.js(21- 38)>","","False"
"/home/elena/Documents/Projeto/TestesJs/acmeair-nodejs-master/authservice_app.js","logger.info","NONE","1","host:port== + host + : + port","<authservice_app.js(26- 1) - authservice_app.js(26- 41)>","","False"
"/home/elena/Documents/Projeto/TestesJs/acmeair-nodejs-master/authservice_app.js","JSON.parse","NONE","1","process.env.VCAP_SERVICES","<authservice_app.js(32- 12) - authservice_app.js(32- 49)>","","False"
"/home/elena/Documents/Projeto/TestesJs/acmeair-nodejs-master/authservice_app.js","logger.info","NONE","2","env: %j|env","<authservice_app.js(33- 5) - authservice_app.js(33- 31)>","","False"
"/home/elena/Documents/Projeto/TestesJs/acmeair-nodejs-master/authservice_app.js","Object.keys","NONE","1","env","<authservice_app.js(34- 19) - authservice_app.js(34- 35)>","","False"
"/home/elena/Documents/Projeto/TestesJs/acmeair-nodejs-master/authservice_app.js","serviceKey.indexOf","NONE","1","'cloudant'","<authservice_app.js(35- 20) - authservice_app.js(35- 50)>","","False"
"/home/elena/Documents/Projeto/TestesJs/acmeair-nodejs-master/authservice_app.js","serviceKey.indexOf","NONE","1","'redis'","<authservice_app.js(37- 25) - authservice_app.js(37- 52)>","","False"
"/home/elena/Documents/Projeto/TestesJs/acmeair-nodejs-master/authservice_app.js","logger.info","NONE","1","db type== + dbtype","<authservice_app.js(40- 1) - authservice_app.js(40- 32)>","","False"
"/home/elena/Documents/Projeto/TestesJs/acmeair-nodejs-master/authservice_app.js","require","NONE","1","'./authservice/routes/index.js'","<authservice_app.js(42- 14) - authservice_app.js(42- 54)>","","False"
"/home/elena/Documents/Projeto/TestesJs/acmeair-nodejs-master/authservice_app.js","require","NONE","1","'express'","<authservice_app.js(46- 18) - authservice_app.js(46- 36)>","","False"
"/home/elena/Documents/Projeto/TestesJs/acmeair-nodejs-master/authservice_app.js","express","NONE","0","","<authservice_app.js(47- 18) - authservice_app.js(47- 27)>","","False"
"/home/elena/Documents/Projeto/TestesJs/acmeair-nodejs-master/authservice_app.js","require","NONE","1","'morgan'","<authservice_app.js(48- 22) - authservice_app.js(48- 39)>","","False"
"/home/elena/Documents/Projeto/TestesJs/acmeair-nodejs-master/authservice_app.js","morgan","NONE","1","'dev'","<authservice_app.js(51- 10) - authservice_app.js(51- 23)>","","False"
"/home/elena/Documents/Projeto/TestesJs/acmeair-nodejs-master/authservice_app.js","app.use","NONE","1","morgan","<authservice_app.js(51- 2) - authservice_app.js(51- 24)>","","False"
"/home/elena/Documents/Projeto/TestesJs/acmeair-nodejs-master/authservice_app.js","express.Router","NONE","0","","<authservice_app.js(53- 14) - authservice_app.js(53- 30)>","","False"
"/home/elena/Documents/Projeto/TestesJs/acmeair-nodejs-master/authservice_app.js","router.post","NONE","2","'/byuserid/:user'|createToken","<authservice_app.js(55- 1) - authservice_app.js(55- 44)>","","False"
"/home/elena/Documents/Projeto/TestesJs/acmeair-nodejs-master/authservice_app.js","router.get","NONE","2","'/:tokenid'|validateToken","<authservice_app.js(56- 1) - authservice_app.js(56- 39)>","","False"
"/home/elena/Documents/Projeto/TestesJs/acmeair-nodejs-master/authservice_app.js","router.get","NONE","2","'/status'|checkStatus","<authservice_app.js(57- 1) - authservice_app.js(57- 35)>","","False"
"/home/elena/Documents/Projeto/TestesJs/acmeair-nodejs-master/authservice_app.js","router.delete","NONE","2","'/:tokenid'|invalidateToken","<authservice_app.js(58- 1) - authservice_app.js(58- 44)>","","False"
"/home/elena/Documents/Projeto/TestesJs/acmeair-nodejs-master/authservice_app.js","app.use","NONE","2","authContextRoot + '/authtoken'|router","<authservice_app.js(61- 1) - authservice_app.js(61- 55)>","","False"
"/home/elena/Documents/Projeto/TestesJs/acmeair-nodejs-master/authservice_app.js","initDB","NONE","0","","<authservice_app.js(66- 1) - authservice_app.js(66- 9)>","","False"
"/home/elena/Documents/Projeto/TestesJs/acmeair-nodejs-master/authservice_app.js","logger.error","NONE","1","'Error connecting to database - exiting process: ' + error","<authservice_app.js(72- 5) - authservice_app.js(72- 76)>","","False"
"/home/elena/Documents/Projeto/TestesJs/acmeair-nodejs-master/authservice_app.js","logger.info","NONE","1","Initialized database connections","<authservice_app.js(78- 5) - authservice_app.js(78- 52)>","","False"
"/home/elena/Documents/Projeto/TestesJs/acmeair-nodejs-master/authservice_app.js","startServer","NONE","0","","<authservice_app.js(80- 4) - authservice_app.js(80- 17)>","","False"
"/home/elena/Documents/Projeto/TestesJs/acmeair-nodejs-master/authservice_app.js","routes.initializeDatabaseConnections","NONE","1","","<authservice_app.js(70- 2) - authservice_app.js(81- 4)>","","False"
"/home/elena/Documents/Projeto/TestesJs/acmeair-nodejs-master/authservice_app.js","app.listen","NONE","1","port","<authservice_app.js(88- 2) - authservice_app.js(88- 18)>","","False"
"/home/elena/Documents/Projeto/TestesJs/acmeair-nodejs-master/authservice_app.js","console.log","NONE","1","'Application started port ' + port","<authservice_app.js(89- 2) - authservice_app.js(89- 49)>","","False"
"/home/elena/Documents/Projeto/TestesJs/acmeair-nodejs-master/authservice_app.js","res.sendStatus","NONE","1","200","<authservice_app.js(93- 2) - authservice_app.js(93- 21)>","","False"
"/home/elena/Documents/Projeto/TestesJs/acmeair-nodejs-master/authservice_app.js","logger.debug","NONE","1","'create token by user ' + user","<authservice_app.js(97- 2) - authservice_app.js(97- 57)>","","False"
"/home/elena/Documents/Projeto/TestesJs/acmeair-nodejs-master/authservice_app.js","logger.info","NONE","1","please wait for db connection initialized then trigger again.","<authservice_app.js(100- 3) - authservice_app.js(100- 79)>","","False"
"/home/elena/Documents/Projeto/TestesJs/acmeair-nodejs-master/authservice_app.js","initDB","NONE","0","","<authservice_app.js(101- 3) - authservice_app.js(101- 11)>","","False"
"/home/elena/Documents/Projeto/TestesJs/acmeair-nodejs-master/authservice_app.js","res.send","NONE","1","403","<authservice_app.js(102- 3) - authservice_app.js(102- 16)>","","False"
"/home/elena/Documents/Projeto/TestesJs/acmeair-nodejs-master/authservice_app.js","res.status","NONE","1","404","<authservice_app.js(107- 5) - authservice_app.js(107- 20)>","","False"
"/home/elena/Documents/Projeto/TestesJs/acmeair-nodejs-master/authservice_app.js","res.status","NONE","1","error","<authservice_app.js(107- 5) - authservice_app.js(107- 32)>","","False"
"/home/elena/Documents/Projeto/TestesJs/acmeair-nodejs-master/authservice_app.js","JSON.stringify","NONE","1","cs","<authservice_app.js(110- 13) - authservice_app.js(110- 31)>","","False"
"/home/elena/Documents/Projeto/TestesJs/acmeair-nodejs-master/authservice_app.js","res.send","NONE","1","JSON.stringify","<authservice_app.js(110- 4) - authservice_app.js(110- 32)>","","False"
"/home/elena/Documents/Projeto/TestesJs/acmeair-nodejs-master/authservice_app.js","routes.createSessionInDB","NONE","2","req.params.user|","<authservice_app.js(105- 3) - authservice_app.js(112- 8)>","","False"
"/home/elena/Documents/Projeto/TestesJs/acmeair-nodejs-master/authservice_app.js","logger.debug","NONE","1","'validate token ' + tokenid","<authservice_app.js(117- 2) - authservice_app.js(117- 54)>","","False"
"/home/elena/Documents/Projeto/TestesJs/acmeair-nodejs-master/authservice_app.js","logger.info","NONE","1","please wait for db connection initialized then trigger again.","<authservice_app.js(120- 3) - authservice_app.js(120- 79)>","","False"
"/home/elena/Documents/Projeto/TestesJs/acmeair-nodejs-master/authservice_app.js","initDB","NONE","0","","<authservice_app.js(121- 3) - authservice_app.js(121- 11)>","","False"
"/home/elena/Documents/Projeto/TestesJs/acmeair-nodejs-master/authservice_app.js","res.send","NONE","1","403","<authservice_app.js(122- 3) - authservice_app.js(122- 16)>","","False"
"/home/elena/Documents/Projeto/TestesJs/acmeair-nodejs-master/authservice_app.js","res.status","NONE","1","404","<authservice_app.js(127- 5) - authservice_app.js(127- 20)>","","False"
"/home/elena/Documents/Projeto/TestesJs/acmeair-nodejs-master/authservice_app.js","res.status","NONE","1","error","<authservice_app.js(127- 5) - authservice_app.js(127- 32)>","","False"
"/home/elena/Documents/Projeto/TestesJs/acmeair-nodejs-master/authservice_app.js","JSON.stringify","NONE","1","cs","<authservice_app.js(130- 14) - authservice_app.js(130- 32)>","","False"
"/home/elena/Documents/Projeto/TestesJs/acmeair-nodejs-master/authservice_app.js","res.send","NONE","1","JSON.stringify","<authservice_app.js(130- 5) - authservice_app.js(130- 33)>","","False"
"/home/elena/Documents/Projeto/TestesJs/acmeair-nodejs-master/authservice_app.js","routes.validateSessionInDB","NONE","2","req.params.tokenid|","<authservice_app.js(125- 3) - authservice_app.js(132- 8)>","","False"
"/home/elena/Documents/Projeto/TestesJs/acmeair-nodejs-master/authservice_app.js","logger.debug","NONE","1","'invalidate token ' + tokenid","<authservice_app.js(137- 2) - authservice_app.js(137- 56)>","","False"
"/home/elena/Documents/Projeto/TestesJs/acmeair-nodejs-master/authservice_app.js","logger.info","NONE","1","please wait for db connection initialized then trigger again.","<authservice_app.js(140- 3) - authservice_app.js(140- 79)>","","False"
"/home/elena/Documents/Projeto/TestesJs/acmeair-nodejs-master/authservice_app.js","initDB","NONE","0","","<authservice_app.js(141- 3) - authservice_app.js(141- 11)>","","False"
"/home/elena/Documents/Projeto/TestesJs/acmeair-nodejs-master/authservice_app.js","res.send","NONE","1","403","<authservice_app.js(142- 3) - authservice_app.js(142- 16)>","","False"
"/home/elena/Documents/Projeto/TestesJs/acmeair-nodejs-master/authservice_app.js","res.status","NONE","1","404","<authservice_app.js(147- 5) - authservice_app.js(147- 20)>","","False"
"/home/elena/Documents/Projeto/TestesJs/acmeair-nodejs-master/authservice_app.js","res.status","NONE","1","error","<authservice_app.js(147- 5) - authservice_app.js(147- 32)>","","False"
"/home/elena/Documents/Projeto/TestesJs/acmeair-nodejs-master/authservice_app.js","res.sendStatus","NONE","1","200","<authservice_app.js(149- 8) - authservice_app.js(149- 27)>","","False"
"/home/elena/Documents/Projeto/TestesJs/acmeair-nodejs-master/authservice_app.js","routes.invalidateSessionInDB","NONE","2","req.params.tokenid|","<authservice_app.js(145- 3) - authservice_app.js(150- 8)>","","False"
