"File path"," function name"," FunctionType"," Library Type","Declaration Location"," Number of Params","Parameter Names"," Number of Return Statements"
"/home/elena/Documents/Projeto/TestesJs/acmeair-nodejs-master/acmeaircmd/index.js","module.exports","EXPRESSION","NONE","<index.js(17- 18) - index.js(54- 2)>","2","authService|settings","1"
"/home/elena/Documents/Projeto/TestesJs/acmeair-nodejs-master/acmeaircmd/index.js","module.hystrixStream","EXPRESSION","NONE","<index.js(22- 25) - index.js(24- 3)>","2","request|response","0"
"/home/elena/Documents/Projeto/TestesJs/acmeair-nodejs-master/acmeaircmd/index.js","module.createSession","EXPRESSION","NONE","<index.js(26- 25) - index.js(33- 3)>","2","userid|callback","0"
"/home/elena/Documents/Projeto/TestesJs/acmeair-nodejs-master/acmeaircmd/index.js","command.getCommand","EXPRESSION","NONE","<index.js(27- 66) - index.js(32- 4)>","2","error|cmd","0"
"/home/elena/Documents/Projeto/TestesJs/acmeair-nodejs-master/acmeaircmd/index.js","module.validateSession","EXPRESSION","NONE","<index.js(35- 27) - index.js(42- 3)>","2","sessionid|callback","0"
"/home/elena/Documents/Projeto/TestesJs/acmeair-nodejs-master/acmeaircmd/index.js","command.getCommand","EXPRESSION","NONE","<index.js(36- 70) - index.js(41- 4)>","2","error|cmd","0"
"/home/elena/Documents/Projeto/TestesJs/acmeair-nodejs-master/acmeaircmd/index.js","module.invalidateSession","EXPRESSION","NONE","<index.js(44- 30) - index.js(51- 3)>","2","sessionid|callback","0"
"/home/elena/Documents/Projeto/TestesJs/acmeair-nodejs-master/acmeaircmd/index.js","command.getCommand","EXPRESSION","NONE","<index.js(45- 74) - index.js(50- 4)>","2","error|cmd","0"
