"File path"," function name"," FunctionType"," Library Type","Declaration Location"," Number of Params","Parameter Names"," Number of Return Statements"
"/home/elena/Documents/Projeto/TestesJs/acmeair-nodejs-master/app.js","authService.initialize","EXPRESSION","NONE","<app.js(134- 25) - app.js(136- 3)>","0","","0"
"/home/elena/Documents/Projeto/TestesJs/acmeair-nodejs-master/app.js","checkStatus","DECLARATION","NONE","<app.js(142- 1) - app.js(144- 2)>","2","req|res","0"
"/home/elena/Documents/Projeto/TestesJs/acmeair-nodejs-master/app.js","login","DECLARATION","NONE","<app.js(146- 1) - app.js(154- 2)>","2","req|res","0"
"/home/elena/Documents/Projeto/TestesJs/acmeair-nodejs-master/app.js","logout","DECLARATION","NONE","<app.js(156- 1) - app.js(164- 2)>","2","req|res","0"
"/home/elena/Documents/Projeto/TestesJs/acmeair-nodejs-master/app.js","startLoadDatabase","DECLARATION","NONE","<app.js(167- 1) - app.js(175- 2)>","2","req|res","0"
"/home/elena/Documents/Projeto/TestesJs/acmeair-nodejs-master/app.js","initDB","DECLARATION","NONE","<app.js(177- 1) - app.js(190- 2)>","0","","0"
"/home/elena/Documents/Projeto/TestesJs/acmeair-nodejs-master/app.js","routes.initializeDatabaseConnections","EXPRESSION","NONE","<app.js(179- 40) - app.js(189- 3)>","1","error","0"
"/home/elena/Documents/Projeto/TestesJs/acmeair-nodejs-master/app.js","startServer","DECLARATION","NONE","<app.js(193- 1) - app.js(198- 2)>","0","","0"
