"File path"," function name"," Library Type"," Number of Params","Parameter Names"," Invocation Location"," Declaration Location"," isItPredefined"
"/home/elena/Documents/Projeto/TestesJs/acmeair-nodejs-master/acmeaircmd/index.js","require","NONE","1","'../netflix/hystrix/index.js'","<index.js(19- 16) - index.js(19- 54)>","","False"
"/home/elena/Documents/Projeto/TestesJs/acmeair-nodejs-master/acmeaircmd/index.js","require","NONE","1","'../netflix/hystrix/command.js'","<index.js(20- 16) - index.js(20- 56)>","","False"
"/home/elena/Documents/Projeto/TestesJs/acmeair-nodejs-master/acmeaircmd/index.js","hystrix.hystrixStream","NONE","2","request|response","<index.js(23- 3) - index.js(23- 43)>","","False"
"/home/elena/Documents/Projeto/TestesJs/acmeair-nodejs-master/acmeaircmd/index.js","callback","NONE","2","error|null","<index.js(28- 15) - index.js(28- 37)>","","False"
"/home/elena/Documents/Projeto/TestesJs/acmeair-nodejs-master/acmeaircmd/index.js","cmd.execute","NONE","2","userid|callback","<index.js(30- 5) - index.js(30- 34)>","","False"
"/home/elena/Documents/Projeto/TestesJs/acmeair-nodejs-master/acmeaircmd/index.js","command.getCommand","NONE","3","createSession|authService.createSession|","<index.js(27- 3) - index.js(32- 5)>","","False"
"/home/elena/Documents/Projeto/TestesJs/acmeair-nodejs-master/acmeaircmd/index.js","callback","NONE","2","error|null","<index.js(37- 15) - index.js(37- 37)>","","False"
"/home/elena/Documents/Projeto/TestesJs/acmeair-nodejs-master/acmeaircmd/index.js","cmd.execute","NONE","2","sessionid|callback","<index.js(39- 5) - index.js(39- 37)>","","False"
"/home/elena/Documents/Projeto/TestesJs/acmeair-nodejs-master/acmeaircmd/index.js","command.getCommand","NONE","3","validateSession|authService.validateSession|","<index.js(36- 3) - index.js(41- 5)>","","False"
"/home/elena/Documents/Projeto/TestesJs/acmeair-nodejs-master/acmeaircmd/index.js","callback","NONE","2","error|null","<index.js(46- 15) - index.js(46- 37)>","","False"
"/home/elena/Documents/Projeto/TestesJs/acmeair-nodejs-master/acmeaircmd/index.js","cmd.execute","NONE","2","sessionid|callback","<index.js(48- 5) - index.js(48- 37)>","","False"
"/home/elena/Documents/Projeto/TestesJs/acmeair-nodejs-master/acmeaircmd/index.js","command.getCommand","NONE","3","invalidateSession|authService.invalidateSession|","<index.js(45- 3) - index.js(50- 5)>","","False"
