"File path"," function name"," FunctionType"," Library Type","Declaration Location"," Number of Params","Parameter Names"," Number of Return Statements"
"/home/elena/Documents/Projeto/TestesJs/acmeair-nodejs-master/dataaccess/cassandra/index.js","module.exports","EXPRESSION","NONE","<index.js(26- 18) - index.js(169- 2)>","1","settings","1"
"/home/elena/Documents/Projeto/TestesJs/acmeair-nodejs-master/dataaccess/cassandra/index.js","calculateDBConfig","DECLARATION","NONE","<index.js(62- 2) - index.js(71- 3)>","0","","1"
"/home/elena/Documents/Projeto/TestesJs/acmeair-nodejs-master/dataaccess/cassandra/index.js","module.initializeDatabaseConnections","EXPRESSION","NONE","<index.js(74- 41) - index.js(81- 3)>","1","callback","0"
"/home/elena/Documents/Projeto/TestesJs/acmeair-nodejs-master/dataaccess/cassandra/index.js","client.connect","EXPRESSION","NONE","<index.js(76- 18) - index.js(80- 4)>","2","err|result","0"
"/home/elena/Documents/Projeto/TestesJs/acmeair-nodejs-master/dataaccess/cassandra/index.js","module.insertOne","EXPRESSION","NONE","<index.js(83- 21) - index.js(88- 3)>","3","collectionname|doc|callback","0"
"/home/elena/Documents/Projeto/TestesJs/acmeair-nodejs-master/dataaccess/cassandra/index.js","dbclient.execute","EXPRESSION","NONE","<index.js(84- 101) - index.js(87- 4)>","1","err","0"
"/home/elena/Documents/Projeto/TestesJs/acmeair-nodejs-master/dataaccess/cassandra/index.js","getUpsertParam","DECLARATION","NONE","<index.js(90- 2) - index.js(99- 3)>","2","collectionname|doc","1"
"/home/elena/Documents/Projeto/TestesJs/acmeair-nodejs-master/dataaccess/cassandra/index.js","module.findOne","EXPRESSION","NONE","<index.js(100- 19) - index.js(110- 3)>","3","collectionname|key|callback","0"
"/home/elena/Documents/Projeto/TestesJs/acmeair-nodejs-master/dataaccess/cassandra/index.js","dbclient.execute","EXPRESSION","NONE","<index.js(106- 50) - index.js(109- 4)>","2","err|result","0"
"/home/elena/Documents/Projeto/TestesJs/acmeair-nodejs-master/dataaccess/cassandra/index.js","module.update","EXPRESSION","NONE","<index.js(112- 18) - index.js(117- 3)>","3","collectionname|doc|callback","0"
"/home/elena/Documents/Projeto/TestesJs/acmeair-nodejs-master/dataaccess/cassandra/index.js","dbclient.execute","EXPRESSION","NONE","<index.js(113- 101) - index.js(116- 4)>","1","err","0"
"/home/elena/Documents/Projeto/TestesJs/acmeair-nodejs-master/dataaccess/cassandra/index.js","module.remove","EXPRESSION","NONE","<index.js(119- 18) - index.js(127- 3)>","3","collectionname|condition|callback","0"
"/home/elena/Documents/Projeto/TestesJs/acmeair-nodejs-master/dataaccess/cassandra/index.js","dbclient.execute","EXPRESSION","NONE","<index.js(123- 55) - index.js(126- 4)>","2","err|result","0"
"/home/elena/Documents/Projeto/TestesJs/acmeair-nodejs-master/dataaccess/cassandra/index.js","getQueryInfo","DECLARATION","NONE","<index.js(129- 2) - index.js(143- 3)>","2","collectionname|condition","1"
"/home/elena/Documents/Projeto/TestesJs/acmeair-nodejs-master/dataaccess/cassandra/index.js","module.findBy","EXPRESSION","NONE","<index.js(145- 18) - index.js(160- 3)>","3","collectionname|condition|callback","0"
"/home/elena/Documents/Projeto/TestesJs/acmeair-nodejs-master/dataaccess/cassandra/index.js","dbclient.execute","EXPRESSION","NONE","<index.js(149- 55) - index.js(159- 4)>","2","err|result","0"
"/home/elena/Documents/Projeto/TestesJs/acmeair-nodejs-master/dataaccess/cassandra/index.js","module.count","EXPRESSION","NONE","<index.js(163- 17) - index.js(165- 3)>","3","collectionname|condition|callback","0"
