"File path"," function name"," Library Type"," Number of Params","Parameter Names"," Invocation Location"," Declaration Location"," isItPredefined"
"/home/elena/Documents/Projeto/TestesJs/acmeair-nodejs-master/dataaccess/cassandra/index.js","require","NONE","1","'cassandra-driver'","<index.js(29- 20) - index.js(29- 47)>","","False"
"/home/elena/Documents/Projeto/TestesJs/acmeair-nodejs-master/dataaccess/cassandra/index.js","require","NONE","1","'log4js'","<index.js(30- 15) - index.js(30- 32)>","","False"
"/home/elena/Documents/Projeto/TestesJs/acmeair-nodejs-master/dataaccess/cassandra/index.js","log4js.getLogger","NONE","1","'dataaccess/cassandra'","<index.js(32- 15) - index.js(32- 55)>","","False"
"/home/elena/Documents/Projeto/TestesJs/acmeair-nodejs-master/dataaccess/cassandra/index.js","logger.setLevel","NONE","1","settings.loggerLevel","<index.js(33- 2) - index.js(33- 39)>","","False"
"/home/elena/Documents/Projeto/TestesJs/acmeair-nodejs-master/dataaccess/cassandra/index.js","calculateDBConfig","NONE","0","","<index.js(59- 17) - index.js(59- 36)>","","False"
"/home/elena/Documents/Projeto/TestesJs/acmeair-nodejs-master/dataaccess/cassandra/index.js","JSON.parse","NONE","1","process.env.CASSANDRA_CP","<index.js(65- 29) - index.js(65- 66)>","","False"
"/home/elena/Documents/Projeto/TestesJs/acmeair-nodejs-master/dataaccess/cassandra/index.js","JSON.stringify","NONE","1","dbConfig","<index.js(69- 35) - index.js(69- 59)>","","False"
"/home/elena/Documents/Projeto/TestesJs/acmeair-nodejs-master/dataaccess/cassandra/index.js","logger.info","NONE","1","Cassandra config: + stringify","<index.js(69- 3) - index.js(69- 60)>","","False"
"/home/elena/Documents/Projeto/TestesJs/acmeair-nodejs-master/dataaccess/cassandra/index.js","logger.info","NONE","1","'Connected.'","<index.js(77- 4) - index.js(77- 29)>","","False"
"/home/elena/Documents/Projeto/TestesJs/acmeair-nodejs-master/dataaccess/cassandra/index.js","callback","NONE","1","null","<index.js(79- 4) - index.js(79- 18)>","","False"
"/home/elena/Documents/Projeto/TestesJs/acmeair-nodejs-master/dataaccess/cassandra/index.js","client.connect","NONE","1","","<index.js(76- 3) - index.js(80- 5)>","","False"
"/home/elena/Documents/Projeto/TestesJs/acmeair-nodejs-master/dataaccess/cassandra/index.js","getUpsertParam","NONE","2","collectionname|doc","<index.js(84- 48) - index.js(84- 82)>","","False"
"/home/elena/Documents/Projeto/TestesJs/acmeair-nodejs-master/dataaccess/cassandra/index.js","callback","NONE","2","err|null","<index.js(85- 16) - index.js(85- 35)>","","False"
"/home/elena/Documents/Projeto/TestesJs/acmeair-nodejs-master/dataaccess/cassandra/index.js","callback","NONE","2","null|doc","<index.js(86- 12) - index.js(86- 31)>","","False"
"/home/elena/Documents/Projeto/TestesJs/acmeair-nodejs-master/dataaccess/cassandra/index.js","dbclient.execute","NONE","4","upsertStmt.collectionname|getUpsertParam||","<index.js(84- 3) - index.js(87- 5)>","","False"
"/home/elena/Documents/Projeto/TestesJs/acmeair-nodejs-master/dataaccess/cassandra/index.js","JSON.stringify","NONE","1","doc","<index.js(92- 37) - index.js(92- 56)>","","False"
"/home/elena/Documents/Projeto/TestesJs/acmeair-nodejs-master/dataaccess/cassandra/index.js","JSON.stringify","NONE","1","doc","<index.js(94- 70) - index.js(94- 89)>","","False"
"/home/elena/Documents/Projeto/TestesJs/acmeair-nodejs-master/dataaccess/cassandra/index.js","JSON.stringify","NONE","1","doc","<index.js(96- 51) - index.js(96- 70)>","","False"
"/home/elena/Documents/Projeto/TestesJs/acmeair-nodejs-master/dataaccess/cassandra/index.js","JSON.stringify","NONE","1","doc","<index.js(97- 20) - index.js(97- 39)>","","False"
"/home/elena/Documents/Projeto/TestesJs/acmeair-nodejs-master/dataaccess/cassandra/index.js","callback","NONE","2","FindById not supported on  + collectionname|null","<index.js(103- 4) - index.js(103- 64)>","","False"
"/home/elena/Documents/Projeto/TestesJs/acmeair-nodejs-master/dataaccess/cassandra/index.js","callback","NONE","2","err|null","<index.js(107- 13) - index.js(107- 32)>","","False"
"/home/elena/Documents/Projeto/TestesJs/acmeair-nodejs-master/dataaccess/cassandra/index.js","JSON.parse","NONE","1","result.rows.0.content","<index.js(108- 26) - index.js(108- 60)>","","False"
"/home/elena/Documents/Projeto/TestesJs/acmeair-nodejs-master/dataaccess/cassandra/index.js","callback","NONE","2","null|JSON.parse","<index.js(108- 10) - index.js(108- 61)>","","False"
"/home/elena/Documents/Projeto/TestesJs/acmeair-nodejs-master/dataaccess/cassandra/index.js","dbclient.execute","NONE","4","query|[key]||","<index.js(106- 3) - index.js(109- 5)>","","False"
"/home/elena/Documents/Projeto/TestesJs/acmeair-nodejs-master/dataaccess/cassandra/index.js","getUpsertParam","NONE","2","collectionname|doc","<index.js(113- 48) - index.js(113- 82)>","","False"
"/home/elena/Documents/Projeto/TestesJs/acmeair-nodejs-master/dataaccess/cassandra/index.js","callback","NONE","2","err|null","<index.js(114- 16) - index.js(114- 35)>","","False"
"/home/elena/Documents/Projeto/TestesJs/acmeair-nodejs-master/dataaccess/cassandra/index.js","callback","NONE","2","null|doc","<index.js(115- 12) - index.js(115- 31)>","","False"
"/home/elena/Documents/Projeto/TestesJs/acmeair-nodejs-master/dataaccess/cassandra/index.js","dbclient.execute","NONE","4","upsertStmt.collectionname|getUpsertParam||","<index.js(113- 3) - index.js(116- 5)>","","False"
"/home/elena/Documents/Projeto/TestesJs/acmeair-nodejs-master/dataaccess/cassandra/index.js","getQueryInfo","NONE","2","collectionname|condition","<index.js(120- 14) - index.js(120- 53)>","","False"
"/home/elena/Documents/Projeto/TestesJs/acmeair-nodejs-master/dataaccess/cassandra/index.js","JSON.stringify","NONE","1","info.param","<index.js(122- 44) - index.js(122- 70)>","","False"
"/home/elena/Documents/Projeto/TestesJs/acmeair-nodejs-master/dataaccess/cassandra/index.js","logger.debug","NONE","1","query: + query + - param: + stringify","<index.js(122- 3) - index.js(122- 71)>","","False"
"/home/elena/Documents/Projeto/TestesJs/acmeair-nodejs-master/dataaccess/cassandra/index.js","callback","NONE","1","err","<index.js(124- 13) - index.js(124- 26)>","","False"
"/home/elena/Documents/Projeto/TestesJs/acmeair-nodejs-master/dataaccess/cassandra/index.js","callback","NONE","1","null","<index.js(125- 10) - index.js(125- 25)>","","False"
"/home/elena/Documents/Projeto/TestesJs/acmeair-nodejs-master/dataaccess/cassandra/index.js","dbclient.execute","NONE","4","query|info.param||","<index.js(123- 3) - index.js(126- 5)>","","False"
"/home/elena/Documents/Projeto/TestesJs/acmeair-nodejs-master/dataaccess/cassandra/index.js","param.push","NONE","1","condition.key","<index.js(140- 4) - index.js(140- 30)>","","False"
"/home/elena/Documents/Projeto/TestesJs/acmeair-nodejs-master/dataaccess/cassandra/index.js","getQueryInfo","NONE","2","collectionname|condition","<index.js(146- 14) - index.js(146- 53)>","","False"
"/home/elena/Documents/Projeto/TestesJs/acmeair-nodejs-master/dataaccess/cassandra/index.js","JSON.stringify","NONE","1","info.param","<index.js(148- 44) - index.js(148- 70)>","","False"
"/home/elena/Documents/Projeto/TestesJs/acmeair-nodejs-master/dataaccess/cassandra/index.js","logger.debug","NONE","1","query: + query + - param: + stringify","<index.js(148- 3) - index.js(148- 71)>","","False"
"/home/elena/Documents/Projeto/TestesJs/acmeair-nodejs-master/dataaccess/cassandra/index.js","callback","NONE","2","err|null","<index.js(150- 13) - index.js(150- 32)>","","False"
"/home/elena/Documents/Projeto/TestesJs/acmeair-nodejs-master/dataaccess/cassandra/index.js","JSON.stringify","NONE","1","result.rows.i","<index.js(154- 38) - index.js(154- 68)>","","False"
"/home/elena/Documents/Projeto/TestesJs/acmeair-nodejs-master/dataaccess/cassandra/index.js","logger.debug","NONE","1","result[ + i + ]= + stringify","<index.js(154- 6) - index.js(154- 69)>","","False"
"/home/elena/Documents/Projeto/TestesJs/acmeair-nodejs-master/dataaccess/cassandra/index.js","JSON.parse","NONE","1","result.rows.i.content","<index.js(155- 16) - index.js(155- 50)>","","False"
"/home/elena/Documents/Projeto/TestesJs/acmeair-nodejs-master/dataaccess/cassandra/index.js","docs.push","NONE","1","JSON.parse","<index.js(155- 6) - index.js(155- 51)>","","False"
"/home/elena/Documents/Projeto/TestesJs/acmeair-nodejs-master/dataaccess/cassandra/index.js","callback","NONE","2","null|docs","<index.js(157- 5) - index.js(157- 26)>","","False"
"/home/elena/Documents/Projeto/TestesJs/acmeair-nodejs-master/dataaccess/cassandra/index.js","dbclient.execute","NONE","4","query|info.param||","<index.js(149- 3) - index.js(159- 5)>","","False"
"/home/elena/Documents/Projeto/TestesJs/acmeair-nodejs-master/dataaccess/cassandra/index.js","callback","NONE","2","null|-1","<index.js(164- 3) - index.js(164- 21)>","","False"
