"File path"," function name"," Library Type"," Number of Params","Parameter Names"," Invocation Location"," Declaration Location"," isItPredefined"
"/home/elena/Documents/Projeto/TestesJs/acmeair-nodejs-master/dataaccess/cloudant/index.js","require","NONE","1","'log4js'","<index.js(30- 18) - index.js(30- 35)>","","False"
"/home/elena/Documents/Projeto/TestesJs/acmeair-nodejs-master/dataaccess/cloudant/index.js","log4js.getLogger","NONE","1","'dataaccess/cloudant'","<index.js(31- 18) - index.js(31- 57)>","","False"
"/home/elena/Documents/Projeto/TestesJs/acmeair-nodejs-master/dataaccess/cloudant/index.js","logger.setLevel","NONE","1","settings.loggerLevel","<index.js(32- 5) - index.js(32- 42)>","","False"
"/home/elena/Documents/Projeto/TestesJs/acmeair-nodejs-master/dataaccess/cloudant/index.js","calculateDBConfig","NONE","0","","<index.js(43- 20) - index.js(43- 39)>","","False"
"/home/elena/Documents/Projeto/TestesJs/acmeair-nodejs-master/dataaccess/cloudant/index.js","require","NONE","1","'nano'","<index.js(44- 16) - index.js(44- 31)>","","False"
"/home/elena/Documents/Projeto/TestesJs/acmeair-nodejs-master/dataaccess/cloudant/index.js","require","NONE","1","dbConfig.hosturl","<index.js(44- 16) - index.js(44- 49)>","","False"
"/home/elena/Documents/Projeto/TestesJs/acmeair-nodejs-master/dataaccess/cloudant/index.js","nano.db.use","NONE","1","module.dbNames.airportCodeMappingName","<index.js(48- 52) - index.js(48- 102)>","","False"
"/home/elena/Documents/Projeto/TestesJs/acmeair-nodejs-master/dataaccess/cloudant/index.js","nano.db.use","NONE","1","module.dbNames.bookingName","<index.js(49- 41) - index.js(49- 80)>","","False"
"/home/elena/Documents/Projeto/TestesJs/acmeair-nodejs-master/dataaccess/cloudant/index.js","nano.db.use","NONE","1","module.dbNames.customerName","<index.js(50- 42) - index.js(50- 82)>","","False"
"/home/elena/Documents/Projeto/TestesJs/acmeair-nodejs-master/dataaccess/cloudant/index.js","nano.db.use","NONE","1","module.dbNames.customerSessionName","<index.js(51- 49) - index.js(51- 96)>","","False"
"/home/elena/Documents/Projeto/TestesJs/acmeair-nodejs-master/dataaccess/cloudant/index.js","nano.db.use","NONE","1","module.dbNames.flightName","<index.js(52- 40) - index.js(52- 78)>","","False"
"/home/elena/Documents/Projeto/TestesJs/acmeair-nodejs-master/dataaccess/cloudant/index.js","nano.db.use","NONE","1","module.dbNames.flightSegmentName","<index.js(53- 47) - index.js(53- 92)>","","False"
"/home/elena/Documents/Projeto/TestesJs/acmeair-nodejs-master/dataaccess/cloudant/index.js","callback","NONE","1","null","<index.js(57- 6) - index.js(57- 20)>","","False"
"/home/elena/Documents/Projeto/TestesJs/acmeair-nodejs-master/dataaccess/cloudant/index.js","JSON.parse","NONE","1","process.env.VCAP_SERVICES","<index.js(64- 14) - index.js(64- 51)>","","False"
"/home/elena/Documents/Projeto/TestesJs/acmeair-nodejs-master/dataaccess/cloudant/index.js","longger.log","NONE","2","env: %j|env","<index.js(65- 10) - index.js(65- 36)>","","False"
"/home/elena/Documents/Projeto/TestesJs/acmeair-nodejs-master/dataaccess/cloudant/index.js","Object.keys","NONE","1","env","<index.js(66- 21) - index.js(66- 37)>","","False"
"/home/elena/Documents/Projeto/TestesJs/acmeair-nodejs-master/dataaccess/cloudant/index.js","JSON.stringify","NONE","1","dbConfig","<index.js(85- 34) - index.js(85- 58)>","","False"
"/home/elena/Documents/Projeto/TestesJs/acmeair-nodejs-master/dataaccess/cloudant/index.js","logger.info","NONE","1","Cloudant config: + stringify","<index.js(85- 3) - index.js(85- 59)>","","False"
"/home/elena/Documents/Projeto/TestesJs/acmeair-nodejs-master/dataaccess/cloudant/index.js","logger.error","NONE","1","err","<index.js(92- 5) - index.js(92- 22)>","","False"
"/home/elena/Documents/Projeto/TestesJs/acmeair-nodejs-master/dataaccess/cloudant/index.js","callback","NONE","2","err|null","<index.js(93- 5) - index.js(93- 24)>","","False"
"/home/elena/Documents/Projeto/TestesJs/acmeair-nodejs-master/dataaccess/cloudant/index.js","callback","NONE","2","null|doc","<index.js(95- 5) - index.js(95- 24)>","","False"
"/home/elena/Documents/Projeto/TestesJs/acmeair-nodejs-master/dataaccess/cloudant/index.js","nanoDBs.collectionname.insert","NONE","3","doc|doc._id|","<index.js(90- 6) - index.js(96- 5)>","","False"
"/home/elena/Documents/Projeto/TestesJs/acmeair-nodejs-master/dataaccess/cloudant/index.js","logger.error","NONE","1","err","<index.js(102- 5) - index.js(102- 22)>","","False"
"/home/elena/Documents/Projeto/TestesJs/acmeair-nodejs-master/dataaccess/cloudant/index.js","callback","NONE","2","err|null","<index.js(103- 5) - index.js(103- 24)>","","False"
"/home/elena/Documents/Projeto/TestesJs/acmeair-nodejs-master/dataaccess/cloudant/index.js","callback","NONE","2","null|doc","<index.js(106- 5) - index.js(106- 24)>","","False"
"/home/elena/Documents/Projeto/TestesJs/acmeair-nodejs-master/dataaccess/cloudant/index.js","nanoDBs.collectionname.get","NONE","2","key|","<index.js(100- 6) - index.js(108- 5)>","","False"
"/home/elena/Documents/Projeto/TestesJs/acmeair-nodejs-master/dataaccess/cloudant/index.js","callback","NONE","2","error|null","<index.js(113- 18) - index.js(113- 40)>","","False"
"/home/elena/Documents/Projeto/TestesJs/acmeair-nodejs-master/dataaccess/cloudant/index.js","callback","NONE","2","err|doc","<index.js(117- 9) - index.js(117- 27)>","","False"
"/home/elena/Documents/Projeto/TestesJs/acmeair-nodejs-master/dataaccess/cloudant/index.js","nanoDBs.collectionname.insert","NONE","3","doc|doc._id|","<index.js(116- 8) - index.js(118- 10)>","","False"
"/home/elena/Documents/Projeto/TestesJs/acmeair-nodejs-master/dataaccess/cloudant/index.js","getRevision","NONE","3","nanoDBs.collectionname|doc._id|","<index.js(112- 6) - index.js(120- 8)>","","False"
"/home/elena/Documents/Projeto/TestesJs/acmeair-nodejs-master/dataaccess/cloudant/index.js","revision.substring","NONE","2","1|length - 1","<index.js(129- 16) - index.js(129- 56)>","","False"
"/home/elena/Documents/Projeto/TestesJs/acmeair-nodejs-master/dataaccess/cloudant/index.js","callback","NONE","2","null|revision","<index.js(130- 8) - index.js(130- 32)>","","False"
"/home/elena/Documents/Projeto/TestesJs/acmeair-nodejs-master/dataaccess/cloudant/index.js","callback","NONE","2","err|null","<index.js(132- 9) - index.js(132- 28)>","","False"
"/home/elena/Documents/Projeto/TestesJs/acmeair-nodejs-master/dataaccess/cloudant/index.js","db.head","NONE","2","id|","<index.js(125- 3) - index.js(133- 5)>","","False"
"/home/elena/Documents/Projeto/TestesJs/acmeair-nodejs-master/dataaccess/cloudant/index.js","callback","NONE","1","error","<index.js(141- 9) - index.js(141- 24)>","","False"
"/home/elena/Documents/Projeto/TestesJs/acmeair-nodejs-master/dataaccess/cloudant/index.js","nanoDBs.collectionname.destroy","NONE","3","condition._id|revision|","<index.js(140- 8) - index.js(142- 10)>","","False"
"/home/elena/Documents/Projeto/TestesJs/acmeair-nodejs-master/dataaccess/cloudant/index.js","callback","NONE","1","err","<index.js(144- 12) - index.js(144- 25)>","","False"
"/home/elena/Documents/Projeto/TestesJs/acmeair-nodejs-master/dataaccess/cloudant/index.js","getRevision","NONE","3","nanoDBs.collectionname|condition._id|","<index.js(137- 6) - index.js(145- 8)>","","False"
"/home/elena/Documents/Projeto/TestesJs/acmeair-nodejs-master/dataaccess/cloudant/index.js","JSON.stringify","NONE","1","condition.attrName","<index.js(154- 35) - index.js(154- 70)>","","False"
"/home/elena/Documents/Projeto/TestesJs/acmeair-nodejs-master/dataaccess/cloudant/index.js","logger.debug","NONE","1","search: + searchCriteria","<index.js(157- 3) - index.js(157- 43)>","","False"
"/home/elena/Documents/Projeto/TestesJs/acmeair-nodejs-master/dataaccess/cloudant/index.js","logger.error","NONE","1","Hit error: + err","<index.js(160- 5) - index.js(160- 35)>","","False"
"/home/elena/Documents/Projeto/TestesJs/acmeair-nodejs-master/dataaccess/cloudant/index.js","callback","NONE","2","err|null","<index.js(161- 5) - index.js(161- 25)>","","False"
"/home/elena/Documents/Projeto/TestesJs/acmeair-nodejs-master/dataaccess/cloudant/index.js","getDocumentFromQuery","NONE","1","docs","<index.js(163- 19) - index.js(163- 45)>","","False"
"/home/elena/Documents/Projeto/TestesJs/acmeair-nodejs-master/dataaccess/cloudant/index.js","callback","NONE","2","err|getDocumentFromQuery","<index.js(163- 5) - index.js(163- 46)>","","False"
"/home/elena/Documents/Projeto/TestesJs/acmeair-nodejs-master/dataaccess/cloudant/index.js","nanoDBs.collectionname.search","NONE","4","view|collectionname + s||","<index.js(158- 3) - index.js(164- 5)>","","False"
"/home/elena/Documents/Projeto/TestesJs/acmeair-nodejs-master/dataaccess/cloudant/index.js","JSON.stringify","NONE","1","document","<index.js(169- 49) - index.js(169- 73)>","","False"
"/home/elena/Documents/Projeto/TestesJs/acmeair-nodejs-master/dataaccess/cloudant/index.js","logger.debug","NONE","1","translate document from query: + stringify","<index.js(169- 3) - index.js(169- 74)>","","False"
"/home/elena/Documents/Projeto/TestesJs/acmeair-nodejs-master/dataaccess/cloudant/index.js","JSON.stringify","NONE","1","docs","<index.js(173- 50) - index.js(173- 70)>","","False"
"/home/elena/Documents/Projeto/TestesJs/acmeair-nodejs-master/dataaccess/cloudant/index.js","logger.debug","NONE","1","translated document from query: + stringify","<index.js(173- 3) - index.js(173- 71)>","","False"
"/home/elena/Documents/Projeto/TestesJs/acmeair-nodejs-master/dataaccess/cloudant/index.js","callback","NONE","2","null|-1","<index.js(179- 3) - index.js(179- 21)>","","False"
