"File path"," function name"," FunctionType"," Library Type","Declaration Location"," Number of Params","Parameter Names"," Number of Return Statements"
"/home/elena/Documents/Projeto/TestesJs/acmeair-nodejs-master/dataaccess/cloudant/index.js","module.exports","EXPRESSION","NONE","<index.js(27- 18) - index.js(184- 2)>","1","settings","1"
"/home/elena/Documents/Projeto/TestesJs/acmeair-nodejs-master/dataaccess/cloudant/index.js","module.initializeDatabaseConnections","EXPRESSION","NONE","<index.js(55- 44) - index.js(58- 6)>","1","callback","0"
"/home/elena/Documents/Projeto/TestesJs/acmeair-nodejs-master/dataaccess/cloudant/index.js","calculateDBConfig","DECLARATION","NONE","<index.js(60- 2) - index.js(87- 3)>","0","","1"
"/home/elena/Documents/Projeto/TestesJs/acmeair-nodejs-master/dataaccess/cloudant/index.js","module.insertOne","EXPRESSION","NONE","<index.js(89- 24) - index.js(97- 3)>","3","collectionname|doc|callback","0"
"/home/elena/Documents/Projeto/TestesJs/acmeair-nodejs-master/dataaccess/cloudant/index.js","nanoDBs.collectionname.insert","EXPRESSION","NONE","<index.js(90- 51) - index.js(96- 4)>","2","err|doc","0"
"/home/elena/Documents/Projeto/TestesJs/acmeair-nodejs-master/dataaccess/cloudant/index.js","module.findOne","EXPRESSION","NONE","<index.js(99- 22) - index.js(109- 3)>","3","collectionname|key|callback","0"
"/home/elena/Documents/Projeto/TestesJs/acmeair-nodejs-master/dataaccess/cloudant/index.js","nanoDBs.collectionname.get","EXPRESSION","NONE","<index.js(100- 39) - index.js(108- 4)>","2","err|doc","0"
"/home/elena/Documents/Projeto/TestesJs/acmeair-nodejs-master/dataaccess/cloudant/index.js","module.update","EXPRESSION","NONE","<index.js(111- 21) - index.js(121- 3)>","3","collectionname|doc|callback","0"
"/home/elena/Documents/Projeto/TestesJs/acmeair-nodejs-master/dataaccess/cloudant/index.js","getRevision","EXPRESSION","NONE","<index.js(112- 51) - index.js(120- 7)>","2","error|revision","0"
"/home/elena/Documents/Projeto/TestesJs/acmeair-nodejs-master/dataaccess/cloudant/index.js","nanoDBs.collectionname.insert","EXPRESSION","NONE","<index.js(116- 53) - index.js(118- 9)>","2","err|body","0"
"/home/elena/Documents/Projeto/TestesJs/acmeair-nodejs-master/dataaccess/cloudant/index.js","getRevision","DECLARATION","NONE","<index.js(123- 2) - index.js(134- 3)>","3","db|id|callback","0"
"/home/elena/Documents/Projeto/TestesJs/acmeair-nodejs-master/dataaccess/cloudant/index.js","db.head","EXPRESSION","NONE","<index.js(125- 15) - index.js(133- 4)>","3","err|_|headers","0"
"/home/elena/Documents/Projeto/TestesJs/acmeair-nodejs-master/dataaccess/cloudant/index.js","module.remove","EXPRESSION","NONE","<index.js(136- 21) - index.js(146- 3)>","3","collectionname|condition|callback","0"
"/home/elena/Documents/Projeto/TestesJs/acmeair-nodejs-master/dataaccess/cloudant/index.js","getRevision","EXPRESSION","NONE","<index.js(137- 58) - index.js(145- 7)>","2","err|revision","0"
"/home/elena/Documents/Projeto/TestesJs/acmeair-nodejs-master/dataaccess/cloudant/index.js","nanoDBs.collectionname.destroy","EXPRESSION","NONE","<index.js(140- 65) - index.js(142- 9)>","2","error|body","0"
"/home/elena/Documents/Projeto/TestesJs/acmeair-nodejs-master/dataaccess/cloudant/index.js","module.findBy","EXPRESSION","NONE","<index.js(148- 18) - index.js(165- 3)>","3","collectionname|condition|callback","0"
"/home/elena/Documents/Projeto/TestesJs/acmeair-nodejs-master/dataaccess/cloudant/index.js","nanoDBs.collectionname.search","EXPRESSION","NONE","<index.js(158- 100) - index.js(164- 4)>","2","err|docs","0"
"/home/elena/Documents/Projeto/TestesJs/acmeair-nodejs-master/dataaccess/cloudant/index.js","getDocumentFromQuery","DECLARATION","NONE","<index.js(167- 2) - index.js(175- 3)>","1","document","1"
"/home/elena/Documents/Projeto/TestesJs/acmeair-nodejs-master/dataaccess/cloudant/index.js","module.count","EXPRESSION","NONE","<index.js(178- 17) - index.js(180- 3)>","3","collectionname|condition|callback","0"
