"File path"," function name"," FunctionType"," Library Type","Declaration Location"," Number of Params","Parameter Names"," Number of Return Statements"
"/home/elena/Documents/Projeto/TestesJs/acmeair-nodejs-master/netflix/hystrix/index.js","exports.setHystrixMetricsStreamHandlerFactory","EXPRESSION","NONE","<index.js(8- 49) - index.js(10- 2)>","1","handler","0"
"/home/elena/Documents/Projeto/TestesJs/acmeair-nodejs-master/netflix/hystrix/index.js","exports.hystrixStream","EXPRESSION","NONE","<index.js(12- 25) - index.js(57- 2)>","2","request|response","0"
"/home/elena/Documents/Projeto/TestesJs/acmeair-nodejs-master/netflix/hystrix/index.js","hystrixMetricsStreamHandlerFactory.getHystrixMetricsStreamHandler","EXPRESSION","NONE","<index.js(22- 85) - index.js(56- 6)>","2","error|instance","0"
"/home/elena/Documents/Projeto/TestesJs/acmeair-nodejs-master/netflix/hystrix/index.js","request.on","EXPRESSION","NONE","<index.js(31- 23) - index.js(34- 6)>","0","","0"
"/home/elena/Documents/Projeto/TestesJs/acmeair-nodejs-master/netflix/hystrix/index.js","instance.shutdown","EXPRESSION","NONE","<index.js(33- 36) - index.js(33- 54)>","0","","0"
"/home/elena/Documents/Projeto/TestesJs/acmeair-nodejs-master/netflix/hystrix/index.js","setInterval","EXPRESSION","NONE","<index.js(40- 20) - index.js(54- 9)>","0","","0"
"/home/elena/Documents/Projeto/TestesJs/acmeair-nodejs-master/netflix/hystrix/index.js","instance.getJsonMessageAsString","EXPRESSION","NONE","<index.js(41- 40) - index.js(53- 9)>","2","err|jsonMessageStr","0"
"/home/elena/Documents/Projeto/TestesJs/acmeair-nodejs-master/netflix/hystrix/index.js","exports.getHystrixMetricsStreamHandler","EXPRESSION","NONE","<index.js(59- 42) - index.js(62- 2)>","2","refreshInterval|callback","0"
