"File path"," function name"," FunctionType"," Library Type","Declaration Location"," Number of Params","Parameter Names"," Number of Return Statements"
"/home/elena/Documents/Projeto/TestesJs/acmeair-nodejs-master/netflix/hystrix/command.js","getCommand","EXPRESSION","NONE","<command.js(9- 18) - command.js(20- 2)>","3","name|theWork|callback","0"
"/home/elena/Documents/Projeto/TestesJs/acmeair-nodejs-master/netflix/hystrix/command.js","exports.getInstance","EXPRESSION","NONE","<command.js(23- 23) - command.js(23- 64)>","1","name","1"
"/home/elena/Documents/Projeto/TestesJs/acmeair-nodejs-master/netflix/hystrix/command.js","Command","EXPRESSION","NONE","<command.js(25- 15) - command.js(33- 4)>","5","name|theWork|maxFailures|callTimeout|resetTimeout","0"
"/home/elena/Documents/Projeto/TestesJs/acmeair-nodejs-master/netflix/hystrix/command.js","Command.execute","EXPRESSION","NONE","<command.js(35- 29) - command.js(50- 2)>","0","","0"
"/home/elena/Documents/Projeto/TestesJs/acmeair-nodejs-master/netflix/hystrix/command.js","arguments.callbackIndex","EXPRESSION","NONE","<command.js(42- 30) - command.js(48- 4)>","2","error|result","0"
