"File path"," function name"," FunctionType"," Library Type","Declaration Location"," Number of Params","Parameter Names"," Number of Return Statements"
"/home/elena/Documents/Projeto/TestesJs/acmeair-nodejs-master/netflix/hystrix/metrix.js","getBucket","EXPRESSION","NONE","<metrix.js(10- 17) - metrix.js(10- 78)>","1","ts","1"
"/home/elena/Documents/Projeto/TestesJs/acmeair-nodejs-master/netflix/hystrix/metrix.js","getInstance","EXPRESSION","NONE","<metrix.js(16- 20) - metrix.js(19- 2)>","1","name","1"
"/home/elena/Documents/Projeto/TestesJs/acmeair-nodejs-master/netflix/hystrix/metrix.js","getInstances","EXPRESSION","NONE","<metrix.js(22- 20) - metrix.js(29- 2)>","0","","1"
"/home/elena/Documents/Projeto/TestesJs/acmeair-nodejs-master/netflix/hystrix/metrix.js","Object.keys","EXPRESSION","NONE","<metrix.js(24- 39) - metrix.js(27- 3)>","1","key","0"
"/home/elena/Documents/Projeto/TestesJs/acmeair-nodejs-master/netflix/hystrix/metrix.js","Metrix","DECLARATION","NONE","<metrix.js(32- 1) - metrix.js(41- 2)>","2","name|g","0"
"/home/elena/Documents/Projeto/TestesJs/acmeair-nodejs-master/netflix/hystrix/metrix.js","Metrix.showData","EXPRESSION","NONE","<metrix.js(43- 29) - metrix.js(43- 159)>","0","","0"
"/home/elena/Documents/Projeto/TestesJs/acmeair-nodejs-master/netflix/hystrix/metrix.js","Metrix.getStatistics","EXPRESSION","NONE","<metrix.js(45- 34) - metrix.js(91- 2)>","1","callback","0"
"/home/elena/Documents/Projeto/TestesJs/acmeair-nodejs-master/netflix/hystrix/metrix.js","Metrix.push","EXPRESSION","NONE","<metrix.js(94- 25) - metrix.js(117- 2)>","4","item|isError|isCircuitOpen|isTimeout","0"
"/home/elena/Documents/Projeto/TestesJs/acmeair-nodejs-master/netflix/hystrix/metrix.js","housekeeping","DECLARATION","NONE","<metrix.js(119- 1) - metrix.js(140- 2)>","2","bucket|metrix","0"
