"File path"," function name"," Library Type"," Number of Params","Parameter Names"," Invocation Location"," Declaration Location"," isItPredefined"
"/home/elena/Documents/Projeto/TestesJs/acmeair-nodejs-master/netflix/hystrix/streamHandler.js","require","NONE","1","'fs'","<streamHandler.js(1- 10) - streamHandler.js(1- 23)>","","False"
"/home/elena/Documents/Projeto/TestesJs/acmeair-nodejs-master/netflix/hystrix/streamHandler.js","require","NONE","1","'./metrix.js'","<streamHandler.js(2- 14) - streamHandler.js(2- 36)>","","False"
"/home/elena/Documents/Projeto/TestesJs/acmeair-nodejs-master/netflix/hystrix/streamHandler.js","require","NONE","1","'./command.js'","<streamHandler.js(3- 15) - streamHandler.js(3- 38)>","","False"
"/home/elena/Documents/Projeto/TestesJs/acmeair-nodejs-master/netflix/hystrix/streamHandler.js","fs.readFileSync","NONE","2","'./netflix/hystrix.json'|'utf8'","<streamHandler.js(5- 27) - streamHandler.js(5- 76)>","","False"
"/home/elena/Documents/Projeto/TestesJs/acmeair-nodejs-master/netflix/hystrix/streamHandler.js","JSON.parse","NONE","1","fs.readFileSync","<streamHandler.js(5- 16) - streamHandler.js(5- 77)>","","False"
"/home/elena/Documents/Projeto/TestesJs/acmeair-nodejs-master/netflix/hystrix/streamHandler.js","callback","NONE","1","MaxConcurrentConnections reached: + streamMaxConn","<streamHandler.js(13- 3) - streamHandler.js(13- 62)>","","False"
"/home/elena/Documents/Projeto/TestesJs/acmeair-nodejs-master/netflix/hystrix/streamHandler.js","callback","NONE","2","null|StreamHandler","<streamHandler.js(17- 2) - streamHandler.js(17- 42)>","","False"
"/home/elena/Documents/Projeto/TestesJs/acmeair-nodejs-master/netflix/hystrix/streamHandler.js","pollFromMetrix","NONE","1","handler","<streamHandler.js(25- 6) - streamHandler.js(25- 29)>","","False"
"/home/elena/Documents/Projeto/TestesJs/acmeair-nodejs-master/netflix/hystrix/streamHandler.js","setInterval","NONE","2","|delay","<streamHandler.js(24- 18) - streamHandler.js(26- 12)>","","False"
"/home/elena/Documents/Projeto/TestesJs/acmeair-nodejs-master/netflix/hystrix/streamHandler.js","clearInterval","NONE","1","this.timerID","<streamHandler.js(31- 2) - streamHandler.js(31- 29)>","","False"
"/home/elena/Documents/Projeto/TestesJs/acmeair-nodejs-master/netflix/hystrix/streamHandler.js","callback","NONE","2","null|sb","<streamHandler.js(40- 2) - streamHandler.js(40- 20)>","","False"
"/home/elena/Documents/Projeto/TestesJs/acmeair-nodejs-master/netflix/hystrix/streamHandler.js","this.data.push","NONE","1","item","<streamHandler.js(44- 2) - streamHandler.js(44- 22)>","","False"
"/home/elena/Documents/Projeto/TestesJs/acmeair-nodejs-master/netflix/hystrix/streamHandler.js","metrix.getInstances","NONE","0","","<streamHandler.js(49- 13) - streamHandler.js(49- 34)>","","False"
"/home/elena/Documents/Projeto/TestesJs/acmeair-nodejs-master/netflix/hystrix/streamHandler.js","console.log","NONE","1","error","<streamHandler.js(55- 22) - streamHandler.js(55- 40)>","","False"
"/home/elena/Documents/Projeto/TestesJs/acmeair-nodejs-master/netflix/hystrix/streamHandler.js","Date","NONE","0","","<streamHandler.js(62- 30) - streamHandler.js(62- 50)>","","False"
"/home/elena/Documents/Projeto/TestesJs/acmeair-nodejs-master/netflix/hystrix/streamHandler.js","command.getInstance","NONE","1","item.name","<streamHandler.js(64- 32) - streamHandler.js(64- 62)>","","False"
"/home/elena/Documents/Projeto/TestesJs/acmeair-nodejs-master/netflix/hystrix/streamHandler.js","JSON.stringify","NONE","1","json","<streamHandler.js(118- 36) - streamHandler.js(118- 56)>","","False"
"/home/elena/Documents/Projeto/TestesJs/acmeair-nodejs-master/netflix/hystrix/streamHandler.js","handler.handleJsonMetric","NONE","1","JSON.stringify","<streamHandler.js(118- 11) - streamHandler.js(118- 57)>","","False"
"/home/elena/Documents/Projeto/TestesJs/acmeair-nodejs-master/netflix/hystrix/streamHandler.js","item.getStatistics","NONE","1","","<streamHandler.js(54- 9) - streamHandler.js(120- 8)>","","False"
