"File path"," function name"," FunctionType"," Library Type","Declaration Location"," Number of Params","Parameter Names"," Number of Return Statements"
"/home/elena/Documents/Projeto/TestesJs/acmeair-nodejs-master/netflix/hystrix/streamHandler.js","getHandler","EXPRESSION","NONE","<streamHandler.js(10- 18) - streamHandler.js(18- 2)>","2","delay|callback","0"
"/home/elena/Documents/Projeto/TestesJs/acmeair-nodejs-master/netflix/hystrix/streamHandler.js","StreamHandler","DECLARATION","NONE","<streamHandler.js(21- 1) - streamHandler.js(27- 2)>","1","delay","0"
"/home/elena/Documents/Projeto/TestesJs/acmeair-nodejs-master/netflix/hystrix/streamHandler.js","this.timerID","EXPRESSION","NONE","<streamHandler.js(24- 30) - streamHandler.js(26- 4)>","0","","0"
"/home/elena/Documents/Projeto/TestesJs/acmeair-nodejs-master/netflix/hystrix/streamHandler.js","StreamHandler.shutdown","EXPRESSION","NONE","<streamHandler.js(29- 36) - streamHandler.js(32- 2)>","0","","0"
"/home/elena/Documents/Projeto/TestesJs/acmeair-nodejs-master/netflix/hystrix/streamHandler.js","StreamHandler.getJsonMessageAsString","EXPRESSION","NONE","<streamHandler.js(34- 50) - streamHandler.js(41- 2)>","1","callback","0"
"/home/elena/Documents/Projeto/TestesJs/acmeair-nodejs-master/netflix/hystrix/streamHandler.js","StreamHandler.handleJsonMetric","EXPRESSION","NONE","<streamHandler.js(43- 44) - streamHandler.js(45- 2)>","1","item","0"
"/home/elena/Documents/Projeto/TestesJs/acmeair-nodejs-master/netflix/hystrix/streamHandler.js","pollFromMetrix","EXPRESSION","NONE","<streamHandler.js(47- 22) - streamHandler.js(122- 2)>","1","handler","0"
"/home/elena/Documents/Projeto/TestesJs/acmeair-nodejs-master/netflix/hystrix/streamHandler.js","item.getStatistics","EXPRESSION","NONE","<streamHandler.js(54- 28) - streamHandler.js(120- 7)>","2","error|result","0"
