"File path"," function name"," Library Type"," Number of Params","Parameter Names"," Invocation Location"," Declaration Location"," isItPredefined"
"/home/elena/Documents/Projeto/TestesJs/acmeair-nodejs-master/netflix/hystrix/command.js","require","NONE","1","'fs'","<command.js(1- 10) - command.js(1- 23)>","","False"
"/home/elena/Documents/Projeto/TestesJs/acmeair-nodejs-master/netflix/hystrix/command.js","require","NONE","1","'circuit-breaker'","<command.js(2- 22) - command.js(2- 48)>","","False"
"/home/elena/Documents/Projeto/TestesJs/acmeair-nodejs-master/netflix/hystrix/command.js","require","NONE","1","'./metrix.js'","<command.js(3- 14) - command.js(3- 36)>","","False"
"/home/elena/Documents/Projeto/TestesJs/acmeair-nodejs-master/netflix/hystrix/command.js","fs.readFileSync","NONE","2","'./netflix/hystrix.json'|'utf8'","<command.js(5- 27) - command.js(5- 76)>","","False"
"/home/elena/Documents/Projeto/TestesJs/acmeair-nodejs-master/netflix/hystrix/command.js","JSON.parse","NONE","1","fs.readFileSync","<command.js(5- 16) - command.js(5- 77)>","","False"
"/home/elena/Documents/Projeto/TestesJs/acmeair-nodejs-master/netflix/hystrix/command.js","callback","NONE","2","null|AllCommands.name","<command.js(19- 2) - command.js(19- 37)>","","False"
"/home/elena/Documents/Projeto/TestesJs/acmeair-nodejs-master/netflix/hystrix/command.js","CircuitBreaker.new_circuit_breaker","NONE","4","theWork|maxFailures|callTimeout|resetTimeout","<command.js(31- 21) - command.js(31- 104)>","","False"
"/home/elena/Documents/Projeto/TestesJs/acmeair-nodejs-master/netflix/hystrix/command.js","Date","NONE","0","","<command.js(39- 16) - command.js(39- 36)>","","False"
"/home/elena/Documents/Projeto/TestesJs/acmeair-nodejs-master/netflix/hystrix/command.js","Date","NONE","0","","<command.js(43- 23) - command.js(43- 43)>","","False"
"/home/elena/Documents/Projeto/TestesJs/acmeair-nodejs-master/netflix/hystrix/command.js","Metrix.getInstance","NONE","1","cmd.name","<command.js(46- 4) - command.js(46- 32)>","","False"
"/home/elena/Documents/Projeto/TestesJs/acmeair-nodejs-master/netflix/hystrix/command.js","Metrix.getInstance","NONE","4","responseTime|error != null|cmd.isCircuitOpen|isTimeout","<command.js(46- 4) - command.js(46- 97)>","","False"
"/home/elena/Documents/Projeto/TestesJs/acmeair-nodejs-master/netflix/hystrix/command.js","origCallback","NONE","2","error|result","<command.js(47- 4) - command.js(47- 31)>","","False"
"/home/elena/Documents/Projeto/TestesJs/acmeair-nodejs-master/netflix/hystrix/command.js","this.theWork.apply","NONE","2","this|arguments","<command.js(49- 3) - command.js(49- 38)>","","False"
