"File path"," function name"," Library Type"," Number of Params","Parameter Names"," Invocation Location"," Declaration Location"," isItPredefined"
"/home/elena/Documents/Projeto/TestesJs/acmeair-nodejs-master/netflix/hystrix/metrix.js","require","NONE","1","'fs'","<metrix.js(1- 10) - metrix.js(1- 23)>","","False"
"/home/elena/Documents/Projeto/TestesJs/acmeair-nodejs-master/netflix/hystrix/metrix.js","require","NONE","1","stats-lite","<metrix.js(2- 13) - metrix.js(2- 34)>","","False"
"/home/elena/Documents/Projeto/TestesJs/acmeair-nodejs-master/netflix/hystrix/metrix.js","fs.readFileSync","NONE","2","'./netflix/hystrix.json'|'utf8'","<metrix.js(4- 27) - metrix.js(4- 76)>","","False"
"/home/elena/Documents/Projeto/TestesJs/acmeair-nodejs-master/netflix/hystrix/metrix.js","JSON.parse","NONE","1","fs.readFileSync","<metrix.js(4- 16) - metrix.js(4- 77)>","","False"
"/home/elena/Documents/Projeto/TestesJs/acmeair-nodejs-master/netflix/hystrix/metrix.js","Math.ceil","NONE","1","ts / bucketSizeInMilliseconds","<metrix.js(10- 39) - metrix.js(10- 77)>","","False"
"/home/elena/Documents/Projeto/TestesJs/acmeair-nodejs-master/netflix/hystrix/metrix.js","getBucket","NONE","1","rollingStatisticalWindowInMilliseconds","<metrix.js(11- 20) - metrix.js(11- 69)>","","False"
"/home/elena/Documents/Projeto/TestesJs/acmeair-nodejs-master/netflix/hystrix/metrix.js","Object.keys","NONE","1","metrixInstances","<metrix.js(24- 2) - metrix.js(24- 30)>","","False"
"/home/elena/Documents/Projeto/TestesJs/acmeair-nodejs-master/netflix/hystrix/metrix.js","instances.push","NONE","1","value","<metrix.js(26- 6) - metrix.js(26- 27)>","","False"
"/home/elena/Documents/Projeto/TestesJs/acmeair-nodejs-master/netflix/hystrix/metrix.js","Object.keys","NONE","1","","<metrix.js(24- 2) - metrix.js(27- 4)>","","False"
"/home/elena/Documents/Projeto/TestesJs/acmeair-nodejs-master/netflix/hystrix/metrix.js","JSON.stringify","NONE","1","this.data","<metrix.js(43- 87) - metrix.js(43- 112)>","","False"
"/home/elena/Documents/Projeto/TestesJs/acmeair-nodejs-master/netflix/hystrix/metrix.js","console.log","NONE","4","this.name|this.group|this.ts|JSON.stringify","<metrix.js(43- 43) - metrix.js(43- 113)>","","False"
"/home/elena/Documents/Projeto/TestesJs/acmeair-nodejs-master/netflix/hystrix/metrix.js","Date","NONE","0","","<metrix.js(46- 11) - metrix.js(46- 31)>","","False"
"/home/elena/Documents/Projeto/TestesJs/acmeair-nodejs-master/netflix/hystrix/metrix.js","getBucket","NONE","1","ms","<metrix.js(47- 15) - metrix.js(47- 28)>","","False"
"/home/elena/Documents/Projeto/TestesJs/acmeair-nodejs-master/netflix/hystrix/metrix.js","callback","NONE","2","null|this.statistics","<metrix.js(53- 3) - metrix.js(53- 34)>","","False"
"/home/elena/Documents/Projeto/TestesJs/acmeair-nodejs-master/netflix/hystrix/metrix.js","callback","NONE","2","null|this.statistics","<metrix.js(59- 3) - metrix.js(59- 34)>","","False"
"/home/elena/Documents/Projeto/TestesJs/acmeair-nodejs-master/netflix/hystrix/metrix.js","totalList.concat","NONE","1","this.data.i","<metrix.js(71- 15) - metrix.js(71- 45)>","","False"
"/home/elena/Documents/Projeto/TestesJs/acmeair-nodejs-master/netflix/hystrix/metrix.js","callback","NONE","2","null|this.statistics","<metrix.js(79- 3) - metrix.js(79- 34)>","","False"
"/home/elena/Documents/Projeto/TestesJs/acmeair-nodejs-master/netflix/hystrix/metrix.js","stats.mean","NONE","1","totalList","<metrix.js(84- 201) - metrix.js(84- 222)>","","False"
"/home/elena/Documents/Projeto/TestesJs/acmeair-nodejs-master/netflix/hystrix/metrix.js","stats.stdev","NONE","1","totalList","<metrix.js(84- 234) - metrix.js(84- 256)>","","False"
"/home/elena/Documents/Projeto/TestesJs/acmeair-nodejs-master/netflix/hystrix/metrix.js","stats.percentile","NONE","2","totalList|0","<metrix.js(85- 19) - metrix.js(85- 49)>","","False"
"/home/elena/Documents/Projeto/TestesJs/acmeair-nodejs-master/netflix/hystrix/metrix.js","stats.percentile","NONE","2","totalList|0.25","<metrix.js(85- 56) - metrix.js(85- 89)>","","False"
"/home/elena/Documents/Projeto/TestesJs/acmeair-nodejs-master/netflix/hystrix/metrix.js","stats.percentile","NONE","2","totalList|0.5","<metrix.js(85- 95) - metrix.js(85- 127)>","","False"
"/home/elena/Documents/Projeto/TestesJs/acmeair-nodejs-master/netflix/hystrix/metrix.js","stats.percentile","NONE","2","totalList|0.75","<metrix.js(86- 11) - metrix.js(86- 44)>","","False"
"/home/elena/Documents/Projeto/TestesJs/acmeair-nodejs-master/netflix/hystrix/metrix.js","stats.percentile","NONE","2","totalList|0.9","<metrix.js(86- 50) - metrix.js(86- 82)>","","False"
"/home/elena/Documents/Projeto/TestesJs/acmeair-nodejs-master/netflix/hystrix/metrix.js","stats.percentile","NONE","2","totalList|0.95","<metrix.js(86- 88) - metrix.js(86- 121)>","","False"
"/home/elena/Documents/Projeto/TestesJs/acmeair-nodejs-master/netflix/hystrix/metrix.js","stats.percentile","NONE","2","totalList|0.99","<metrix.js(87- 11) - metrix.js(87- 44)>","","False"
"/home/elena/Documents/Projeto/TestesJs/acmeair-nodejs-master/netflix/hystrix/metrix.js","stats.percentile","NONE","2","totalList|0.995","<metrix.js(87- 57) - metrix.js(87- 91)>","","False"
"/home/elena/Documents/Projeto/TestesJs/acmeair-nodejs-master/netflix/hystrix/metrix.js","stats.percentile","NONE","2","totalList|1","<metrix.js(87- 102) - metrix.js(87- 132)>","","False"
"/home/elena/Documents/Projeto/TestesJs/acmeair-nodejs-master/netflix/hystrix/metrix.js","callback","NONE","2","null|this.statistics","<metrix.js(90- 2) - metrix.js(90- 33)>","","False"
"/home/elena/Documents/Projeto/TestesJs/acmeair-nodejs-master/netflix/hystrix/metrix.js","Date","NONE","0","","<metrix.js(95- 11) - metrix.js(95- 31)>","","False"
"/home/elena/Documents/Projeto/TestesJs/acmeair-nodejs-master/netflix/hystrix/metrix.js","getBucket","NONE","1","ms","<metrix.js(96- 15) - metrix.js(96- 28)>","","False"
"/home/elena/Documents/Projeto/TestesJs/acmeair-nodejs-master/netflix/hystrix/metrix.js","this.ts.push","NONE","1","bucket","<metrix.js(102- 3) - metrix.js(102- 23)>","","False"
"/home/elena/Documents/Projeto/TestesJs/acmeair-nodejs-master/netflix/hystrix/metrix.js","this.data.push","NONE","1","[]","<metrix.js(103- 3) - metrix.js(103- 21)>","","False"
"/home/elena/Documents/Projeto/TestesJs/acmeair-nodejs-master/netflix/hystrix/metrix.js","this.error.push","NONE","1","0","<metrix.js(104- 3) - metrix.js(104- 21)>","","False"
"/home/elena/Documents/Projeto/TestesJs/acmeair-nodejs-master/netflix/hystrix/metrix.js","this.circuitOpen.push","NONE","1","0","<metrix.js(105- 3) - metrix.js(105- 27)>","","False"
"/home/elena/Documents/Projeto/TestesJs/acmeair-nodejs-master/netflix/hystrix/metrix.js","this.timeout.push","NONE","1","0","<metrix.js(106- 3) - metrix.js(106- 23)>","","False"
"/home/elena/Documents/Projeto/TestesJs/acmeair-nodejs-master/netflix/hystrix/metrix.js","this.data.index.push","NONE","1","item","<metrix.js(108- 2) - metrix.js(108- 29)>","","False"
"/home/elena/Documents/Projeto/TestesJs/acmeair-nodejs-master/netflix/hystrix/metrix.js","housekeeping","NONE","2","bucket|this","<metrix.js(116- 2) - metrix.js(116- 28)>","","False"
"/home/elena/Documents/Projeto/TestesJs/acmeair-nodejs-master/netflix/hystrix/metrix.js","metrix.ts.slice","NONE","2","i|total","<metrix.js(129- 18) - metrix.js(129- 44)>","","False"
"/home/elena/Documents/Projeto/TestesJs/acmeair-nodejs-master/netflix/hystrix/metrix.js","metrix.data.slice","NONE","2","i|total","<metrix.js(130- 20) - metrix.js(130- 46)>","","False"
"/home/elena/Documents/Projeto/TestesJs/acmeair-nodejs-master/netflix/hystrix/metrix.js","metrix.error.slice","NONE","2","i|total","<metrix.js(131- 21) - metrix.js(131- 48)>","","False"
"/home/elena/Documents/Projeto/TestesJs/acmeair-nodejs-master/netflix/hystrix/metrix.js","metrix.circuitOpen.slice","NONE","2","i|total","<metrix.js(132- 27) - metrix.js(132- 60)>","","False"
"/home/elena/Documents/Projeto/TestesJs/acmeair-nodejs-master/netflix/hystrix/metrix.js","metrix.timeout.slice","NONE","2","i|total","<metrix.js(133- 23) - metrix.js(133- 52)>","","False"
