"File path"," function name"," Library Type"," Number of Params","Parameter Names"," Invocation Location"," Declaration Location"," isItPredefined"
"/home/elena/Documents/Projeto/TestesJs/acmeair-nodejs-master/netflix/hystrix/index.js","require","NONE","1","'fs'","<index.js(1- 10) - index.js(1- 23)>","","False"
"/home/elena/Documents/Projeto/TestesJs/acmeair-nodejs-master/netflix/hystrix/index.js","require","NONE","1","'./streamHandler.js'","<index.js(2- 21) - index.js(2- 50)>","","False"
"/home/elena/Documents/Projeto/TestesJs/acmeair-nodejs-master/netflix/hystrix/index.js","fs.readFileSync","NONE","2","'./netflix/hystrix.json'|'utf8'","<index.js(4- 27) - index.js(4- 76)>","","False"
"/home/elena/Documents/Projeto/TestesJs/acmeair-nodejs-master/netflix/hystrix/index.js","JSON.parse","NONE","1","fs.readFileSync","<index.js(4- 16) - index.js(4- 77)>","","False"
"/home/elena/Documents/Projeto/TestesJs/acmeair-nodejs-master/netflix/hystrix/index.js","response.send","NONE","2","503|","<index.js(16- 3) - index.js(16- 79)>","","False"
"/home/elena/Documents/Projeto/TestesJs/acmeair-nodejs-master/netflix/hystrix/index.js","console.log","NONE","1","'setup hystrix stream with:' + refreshInterval +  ms","<index.js(20- 2) - index.js(20- 67)>","","False"
"/home/elena/Documents/Projeto/TestesJs/acmeair-nodejs-master/netflix/hystrix/index.js","console.log","NONE","1","Can not get instance","<index.js(24- 4) - index.js(24- 39)>","","False"
"/home/elena/Documents/Projeto/TestesJs/acmeair-nodejs-master/netflix/hystrix/index.js","response.send","NONE","2","503|","<index.js(25- 4) - index.js(25- 55)>","","False"
"/home/elena/Documents/Projeto/TestesJs/acmeair-nodejs-master/netflix/hystrix/index.js","console.log","NONE","1","Get instance hit error: + error","<index.js(27- 13) - index.js(27- 57)>","","False"
"/home/elena/Documents/Projeto/TestesJs/acmeair-nodejs-master/netflix/hystrix/index.js","response.send","NONE","2","503|","<index.js(28- 13) - index.js(28- 47)>","","False"
"/home/elena/Documents/Projeto/TestesJs/acmeair-nodejs-master/netflix/hystrix/index.js","console.log","NONE","1","'receive request end'","<index.js(32- 6) - index.js(32- 40)>","","False"
"/home/elena/Documents/Projeto/TestesJs/acmeair-nodejs-master/netflix/hystrix/index.js","instance.shutdown","NONE","1","","<index.js(33- 18) - index.js(33- 55)>","","False"
"/home/elena/Documents/Projeto/TestesJs/acmeair-nodejs-master/netflix/hystrix/index.js","request.on","NONE","2","'end'|","<index.js(31- 5) - index.js(34- 7)>","","False"
"/home/elena/Documents/Projeto/TestesJs/acmeair-nodejs-master/netflix/hystrix/index.js","response.setHeader","NONE","2","Content-Type|text/event-stream;charset=UTF-8","<index.js(36- 13) - index.js(36- 82)>","","False"
"/home/elena/Documents/Projeto/TestesJs/acmeair-nodejs-master/netflix/hystrix/index.js","response.setHeader","NONE","2","Cache-Control|no-cache- no-store- max-age=0- must-revalidate","<index.js(37- 13) - index.js(37- 98)>","","False"
"/home/elena/Documents/Projeto/TestesJs/acmeair-nodejs-master/netflix/hystrix/index.js","response.setHeader","NONE","2","Pragma|no-cache","<index.js(38- 13) - index.js(38- 53)>","","False"
"/home/elena/Documents/Projeto/TestesJs/acmeair-nodejs-master/netflix/hystrix/index.js","console.log","NONE","1","error: + err","<index.js(43- 10) - index.js(43- 35)>","","False"
"/home/elena/Documents/Projeto/TestesJs/acmeair-nodejs-master/netflix/hystrix/index.js","response.send","NONE","2","503|","<index.js(44- 7) - index.js(44- 38)>","","False"
"/home/elena/Documents/Projeto/TestesJs/acmeair-nodejs-master/netflix/hystrix/index.js","response.write","NONE","1","ping: \n","<index.js(47- 21) - index.js(47- 47)>","","False"
"/home/elena/Documents/Projeto/TestesJs/acmeair-nodejs-master/netflix/hystrix/index.js","response.write","NONE","1","jsonMessageStr","<index.js(49- 25) - index.js(49- 55)>","","False"
"/home/elena/Documents/Projeto/TestesJs/acmeair-nodejs-master/netflix/hystrix/index.js","instance.getJsonMessageAsString","NONE","1","","<index.js(41- 8) - index.js(53- 10)>","","False"
"/home/elena/Documents/Projeto/TestesJs/acmeair-nodejs-master/netflix/hystrix/index.js","setInterval","NONE","2","|refreshInterval","<index.js(40- 8) - index.js(54- 26)>","","False"
"/home/elena/Documents/Projeto/TestesJs/acmeair-nodejs-master/netflix/hystrix/index.js","hystrixMetricsStreamHandlerFactory.getHystrixMetricsStreamHandler","NONE","2","refreshInterval|","<index.js(22- 2) - index.js(56- 7)>","","False"
"/home/elena/Documents/Projeto/TestesJs/acmeair-nodejs-master/netflix/hystrix/index.js","streamHandler.getHandler","NONE","2","refreshInterval|callback","<index.js(61- 2) - index.js(61- 52)>","","False"
