"File path"," function name"," FunctionType"," Library Type","Declaration Location"," Number of Params","Parameter Names"," Number of Return Statements"
"/home/elena/Documents/Projeto/TestesJs/acmeair-nodejs-master/public/js/acmeair-common.js","showLoginDialog","DECLARATION","NONE","<acmeair-common.js(16- 1) - acmeair-common.js(18- 2)>","0","","0"
"/home/elena/Documents/Projeto/TestesJs/acmeair-nodejs-master/public/js/acmeair-common.js","hideLoginDialog","DECLARATION","NONE","<acmeair-common.js(20- 1) - acmeair-common.js(22- 2)>","0","","0"
"/home/elena/Documents/Projeto/TestesJs/acmeair-nodejs-master/public/js/acmeair-common.js","showLoginWaitDialog","DECLARATION","NONE","<acmeair-common.js(24- 1) - acmeair-common.js(26- 2)>","0","","0"
"/home/elena/Documents/Projeto/TestesJs/acmeair-nodejs-master/public/js/acmeair-common.js","hideLoginWaitDialog","DECLARATION","NONE","<acmeair-common.js(28- 1) - acmeair-common.js(30- 2)>","0","","0"
"/home/elena/Documents/Projeto/TestesJs/acmeair-nodejs-master/public/js/acmeair-common.js","showWaitDialog","DECLARATION","NONE","<acmeair-common.js(32- 1) - acmeair-common.js(34- 2)>","0","","0"
"/home/elena/Documents/Projeto/TestesJs/acmeair-nodejs-master/public/js/acmeair-common.js","hideWaitDialog","DECLARATION","NONE","<acmeair-common.js(36- 1) - acmeair-common.js(38- 2)>","0","","0"
"/home/elena/Documents/Projeto/TestesJs/acmeair-nodejs-master/public/js/acmeair-common.js","updateLoggedInUserWelcome","DECLARATION","NONE","<acmeair-common.js(40- 1) - acmeair-common.js(48- 2)>","0","","0"
"/home/elena/Documents/Projeto/TestesJs/acmeair-nodejs-master/public/js/acmeair-common.js","login","DECLARATION","NONE","<acmeair-common.js(50- 1) - acmeair-common.js(76- 2)>","0","","0"
"/home/elena/Documents/Projeto/TestesJs/acmeair-nodejs-master/public/js/acmeair-common.js","logout","DECLARATION","NONE","<acmeair-common.js(78- 1) - acmeair-common.js(103- 2)>","0","","0"
"/home/elena/Documents/Projeto/TestesJs/acmeair-nodejs-master/public/js/acmeair-common.js","loaddb","DECLARATION","NONE","<acmeair-common.js(105- 1) - acmeair-common.js(114- 2)>","0","","0"
"/home/elena/Documents/Projeto/TestesJs/acmeair-nodejs-master/public/js/acmeair-common.js","dateFormatter","DECLARATION","NONE","<acmeair-common.js(116- 1) - acmeair-common.js(119- 2)>","1","data","1"
"/home/elena/Documents/Projeto/TestesJs/acmeair-nodejs-master/public/js/acmeair-common.js","currencyFormatter","DECLARATION","NONE","<acmeair-common.js(121- 1) - acmeair-common.js(123- 2)>","1","data","1"
"/home/elena/Documents/Projeto/TestesJs/acmeair-nodejs-master/public/js/acmeair-common.js","airportCodeToAirportName","DECLARATION","NONE","<acmeair-common.js(161- 1) - acmeair-common.js(167- 2)>","1","airportCode","1"
