"File path"," function name"," Library Type"," Number of Params","Parameter Names"," Invocation Location"," Declaration Location"," isItPredefined"
"/home/elena/Documents/Projeto/TestesJs/acmeair-nodejs-master/public/js/acmeair-common.js","dijit.byId","NONE","1","'loginDialog'","<acmeair-common.js(17- 2) - acmeair-common.js(17- 27)>","","False"
"/home/elena/Documents/Projeto/TestesJs/acmeair-nodejs-master/public/js/acmeair-common.js","dijit.byId","NONE","0","","<acmeair-common.js(17- 2) - acmeair-common.js(17- 34)>","","False"
"/home/elena/Documents/Projeto/TestesJs/acmeair-nodejs-master/public/js/acmeair-common.js","dijit.byId","NONE","1","'loginDialog'","<acmeair-common.js(21- 2) - acmeair-common.js(21- 27)>","","False"
"/home/elena/Documents/Projeto/TestesJs/acmeair-nodejs-master/public/js/acmeair-common.js","dijit.byId","NONE","0","","<acmeair-common.js(21- 2) - acmeair-common.js(21- 34)>","","False"
"/home/elena/Documents/Projeto/TestesJs/acmeair-nodejs-master/public/js/acmeair-common.js","dijit.byId","NONE","1","'loginWaitDialog'","<acmeair-common.js(25- 2) - acmeair-common.js(25- 31)>","","False"
"/home/elena/Documents/Projeto/TestesJs/acmeair-nodejs-master/public/js/acmeair-common.js","dijit.byId","NONE","0","","<acmeair-common.js(25- 2) - acmeair-common.js(25- 38)>","","False"
"/home/elena/Documents/Projeto/TestesJs/acmeair-nodejs-master/public/js/acmeair-common.js","dijit.byId","NONE","1","'loginWaitDialog'","<acmeair-common.js(29- 2) - acmeair-common.js(29- 31)>","","False"
"/home/elena/Documents/Projeto/TestesJs/acmeair-nodejs-master/public/js/acmeair-common.js","dijit.byId","NONE","0","","<acmeair-common.js(29- 2) - acmeair-common.js(29- 38)>","","False"
"/home/elena/Documents/Projeto/TestesJs/acmeair-nodejs-master/public/js/acmeair-common.js","dijit.byId","NONE","1","'waitDialog'","<acmeair-common.js(33- 2) - acmeair-common.js(33- 26)>","","False"
"/home/elena/Documents/Projeto/TestesJs/acmeair-nodejs-master/public/js/acmeair-common.js","dijit.byId","NONE","0","","<acmeair-common.js(33- 2) - acmeair-common.js(33- 33)>","","False"
"/home/elena/Documents/Projeto/TestesJs/acmeair-nodejs-master/public/js/acmeair-common.js","dijit.byId","NONE","1","'waitDialog'","<acmeair-common.js(37- 2) - acmeair-common.js(37- 26)>","","False"
"/home/elena/Documents/Projeto/TestesJs/acmeair-nodejs-master/public/js/acmeair-common.js","dijit.byId","NONE","0","","<acmeair-common.js(37- 2) - acmeair-common.js(37- 33)>","","False"
"/home/elena/Documents/Projeto/TestesJs/acmeair-nodejs-master/public/js/acmeair-common.js","dojo.cookie","NONE","1","loggedinuser","<acmeair-common.js(41- 21) - acmeair-common.js(41- 48)>","","False"
"/home/elena/Documents/Projeto/TestesJs/acmeair-nodejs-master/public/js/acmeair-common.js","dojo.byId","NONE","1","loggedinwelcome","<acmeair-common.js(43- 3) - acmeair-common.js(43- 31)>","","False"
"/home/elena/Documents/Projeto/TestesJs/acmeair-nodejs-master/public/js/acmeair-common.js","dojo.byId","NONE","1","loggedinwelcome","<acmeair-common.js(46- 3) - acmeair-common.js(46- 31)>","","False"
"/home/elena/Documents/Projeto/TestesJs/acmeair-nodejs-master/public/js/acmeair-common.js","hideLoginDialog","NONE","0","","<acmeair-common.js(51- 2) - acmeair-common.js(51- 19)>","","False"
"/home/elena/Documents/Projeto/TestesJs/acmeair-nodejs-master/public/js/acmeair-common.js","showLoginWaitDialog","NONE","0","","<acmeair-common.js(52- 2) - acmeair-common.js(52- 23)>","","False"
"/home/elena/Documents/Projeto/TestesJs/acmeair-nodejs-master/public/js/acmeair-common.js","document.getElementById","NONE","1","'userId'","<acmeair-common.js(54- 19) - acmeair-common.js(54- 52)>","","False"
"/home/elena/Documents/Projeto/TestesJs/acmeair-nodejs-master/public/js/acmeair-common.js","document.getElementById","NONE","1","'password'","<acmeair-common.js(58- 14) - acmeair-common.js(58- 49)>","","False"
"/home/elena/Documents/Projeto/TestesJs/acmeair-nodejs-master/public/js/acmeair-common.js","hideLoginWaitDialog","NONE","0","","<acmeair-common.js(62- 4) - acmeair-common.js(62- 25)>","","False"
"/home/elena/Documents/Projeto/TestesJs/acmeair-nodejs-master/public/js/acmeair-common.js","alert","NONE","1","'error logging in- response: ' + response","<acmeair-common.js(65- 5) - acmeair-common.js(65- 53)>","","False"
"/home/elena/Documents/Projeto/TestesJs/acmeair-nodejs-master/public/js/acmeair-common.js","dojo.cookie","NONE","3","loggedinuser|userString|","<acmeair-common.js(68- 4) - acmeair-common.js(68- 57)>","","False"
"/home/elena/Documents/Projeto/TestesJs/acmeair-nodejs-master/public/js/acmeair-common.js","updateLoggedInUserWelcome","NONE","0","","<acmeair-common.js(69- 4) - acmeair-common.js(69- 31)>","","False"
"/home/elena/Documents/Projeto/TestesJs/acmeair-nodejs-master/public/js/acmeair-common.js","hideLoginWaitDialog","NONE","0","","<acmeair-common.js(72- 4) - acmeair-common.js(72- 25)>","","False"
"/home/elena/Documents/Projeto/TestesJs/acmeair-nodejs-master/public/js/acmeair-common.js","alert","NONE","1","'error logging in- response: ' + response","<acmeair-common.js(73- 4) - acmeair-common.js(73- 52)>","","False"
"/home/elena/Documents/Projeto/TestesJs/acmeair-nodejs-master/public/js/acmeair-common.js","dojo.xhrPost","NONE","1","","<acmeair-common.js(55- 2) - acmeair-common.js(75- 4)>","","False"
"/home/elena/Documents/Projeto/TestesJs/acmeair-nodejs-master/public/js/acmeair-common.js","updateLoggedInUserWelcome","NONE","0","","<acmeair-common.js(79- 2) - acmeair-common.js(79- 29)>","","False"
"/home/elena/Documents/Projeto/TestesJs/acmeair-nodejs-master/public/js/acmeair-common.js","dojo.cookie","NONE","1","loggedinuser","<acmeair-common.js(80- 21) - acmeair-common.js(80- 48)>","","False"
"/home/elena/Documents/Projeto/TestesJs/acmeair-nodejs-master/public/js/acmeair-common.js","alert","NONE","1","'error logging out- response: ' + response","<acmeair-common.js(93- 5) - acmeair-common.js(93- 54)>","","False"
"/home/elena/Documents/Projeto/TestesJs/acmeair-nodejs-master/public/js/acmeair-common.js","dojo.cookie","NONE","3","loggedinuser|null|","<acmeair-common.js(96- 4) - acmeair-common.js(96- 52)>","","False"
"/home/elena/Documents/Projeto/TestesJs/acmeair-nodejs-master/public/js/acmeair-common.js","updateLoggedInUserWelcome","NONE","0","","<acmeair-common.js(97- 4) - acmeair-common.js(97- 31)>","","False"
"/home/elena/Documents/Projeto/TestesJs/acmeair-nodejs-master/public/js/acmeair-common.js","alert","NONE","1","'error logging out- response: ' + response","<acmeair-common.js(100- 4) - acmeair-common.js(100- 53)>","","False"
"/home/elena/Documents/Projeto/TestesJs/acmeair-nodejs-master/public/js/acmeair-common.js","dojo.xhrGet","NONE","1","","<acmeair-common.js(85- 2) - acmeair-common.js(102- 4)>","","False"
"/home/elena/Documents/Projeto/TestesJs/acmeair-nodejs-master/public/js/acmeair-common.js","alert","NONE","1","'error loaddb: ' + response","<acmeair-common.js(111- 4) - acmeair-common.js(111- 38)>","","False"
"/home/elena/Documents/Projeto/TestesJs/acmeair-nodejs-master/public/js/acmeair-common.js","dojo.xhrGet","NONE","1","","<acmeair-common.js(106- 2) - acmeair-common.js(113- 4)>","","False"
"/home/elena/Documents/Projeto/TestesJs/acmeair-nodejs-master/public/js/acmeair-common.js","dojo.date.locale.format","NONE","2","d|","<acmeair-common.js(118- 9) - acmeair-common.js(118- 94)>","","False"
"/home/elena/Documents/Projeto/TestesJs/acmeair-nodejs-master/public/js/acmeair-common.js","dojo.currency.format","NONE","2","data|","<acmeair-common.js(122- 9) - acmeair-common.js(122- 54)>","","False"
"/home/elena/Documents/Projeto/TestesJs/acmeair-nodejs-master/public/js/acmeair-common.js","dojo.filter","NONE","2","airportCodes|","<acmeair-common.js(162- 17) - acmeair-common.js(162- 95)>","","False"
