"File path"," function name"," FunctionType"," Library Type","Declaration Location"," Number of Params","Parameter Names"," Number of Return Statements"
"/home/elena/Documents/Projeto/TestesJs/acmeair-nodejs-master/loader/loader.js","module.exports","EXPRESSION","NONE","<loader.js(17- 18) - loader.js(257- 2)>","2","loadUtil|settings","1"
"/home/elena/Documents/Projeto/TestesJs/acmeair-nodejs-master/loader/loader.js","cloneObjectThroughSerialization","DECLARATION","NONE","<loader.js(76- 2) - loader.js(78- 3)>","1","theObject","1"
"/home/elena/Documents/Projeto/TestesJs/acmeair-nodejs-master/loader/loader.js","getDepartureTimeDaysFromDate","DECLARATION","NONE","<loader.js(80- 2) - loader.js(83- 3)>","2","baseTime|days","1"
"/home/elena/Documents/Projeto/TestesJs/acmeair-nodejs-master/loader/loader.js","getArrivalTime","DECLARATION","NONE","<loader.js(85- 2) - loader.js(90- 3)>","2","departureTime|mileage","1"
"/home/elena/Documents/Projeto/TestesJs/acmeair-nodejs-master/loader/loader.js","getDateAtTwelveAM","DECLARATION","NONE","<loader.js(92- 2) - loader.js(94- 3)>","1","theDate","1"
"/home/elena/Documents/Projeto/TestesJs/acmeair-nodejs-master/loader/loader.js","getDateAtRandomTopOfTheHour","DECLARATION","NONE","<loader.js(96- 2) - loader.js(99- 3)>","1","theDate","1"
"/home/elena/Documents/Projeto/TestesJs/acmeair-nodejs-master/loader/loader.js","insertCustomer","DECLARATION","NONE","<loader.js(101- 2) - loader.js(107- 3)>","2","customer|callback","0"
"/home/elena/Documents/Projeto/TestesJs/acmeair-nodejs-master/loader/loader.js","loadUtil.insertOne","EXPRESSION","NONE","<loader.js(103- 63) - loader.js(106- 4)>","2","error|customerInserted","0"
"/home/elena/Documents/Projeto/TestesJs/acmeair-nodejs-master/loader/loader.js","insertAirportCodeMapping","DECLARATION","NONE","<loader.js(109- 2) - loader.js(114- 3)>","2","airportCodeMapping|callback","0"
"/home/elena/Documents/Projeto/TestesJs/acmeair-nodejs-master/loader/loader.js","loadUtil.insertOne","EXPRESSION","NONE","<loader.js(110- 83) - loader.js(113- 4)>","2","error|airportCodeMappingInserted","0"
"/home/elena/Documents/Projeto/TestesJs/acmeair-nodejs-master/loader/loader.js","insertFlightSegment","DECLARATION","NONE","<loader.js(116- 2) - loader.js(121- 3)>","2","flightSegment|callback","0"
"/home/elena/Documents/Projeto/TestesJs/acmeair-nodejs-master/loader/loader.js","loadUtil.insertOne","EXPRESSION","NONE","<loader.js(117- 73) - loader.js(120- 4)>","2","error|flightSegmentInserted","0"
"/home/elena/Documents/Projeto/TestesJs/acmeair-nodejs-master/loader/loader.js","insertFlight","DECLARATION","NONE","<loader.js(123- 2) - loader.js(128- 3)>","2","flight|callback","0"
"/home/elena/Documents/Projeto/TestesJs/acmeair-nodejs-master/loader/loader.js","loadUtil.insertOne","EXPRESSION","NONE","<loader.js(124- 59) - loader.js(127- 4)>","2","error|flightInserted","0"
"/home/elena/Documents/Projeto/TestesJs/acmeair-nodejs-master/loader/loader.js","module.startLoadDatabase","EXPRESSION","NONE","<loader.js(130- 29) - loader.js(155- 3)>","2","req|res","0"
"/home/elena/Documents/Projeto/TestesJs/acmeair-nodejs-master/loader/loader.js","createFlightRelatedData","EXPRESSION","NONE","<loader.js(142- 28) - loader.js(153- 5)>","0","","0"
"/home/elena/Documents/Projeto/TestesJs/acmeair-nodejs-master/loader/loader.js","flightQueue.drain","EXPRESSION","NONE","<loader.js(147- 25) - loader.js(151- 6)>","0","","0"
"/home/elena/Documents/Projeto/TestesJs/acmeair-nodejs-master/loader/loader.js","module.getNumConfiguredCustomers","EXPRESSION","NONE","<loader.js(157- 37) - loader.js(160- 3)>","2","req|res","0"
"/home/elena/Documents/Projeto/TestesJs/acmeair-nodejs-master/loader/loader.js","customerQueue.drain","EXPRESSION","NONE","<loader.js(164- 24) - loader.js(167- 3)>","0","","0"
"/home/elena/Documents/Projeto/TestesJs/acmeair-nodejs-master/loader/loader.js","airportCodeMappingQueue.drain","EXPRESSION","NONE","<loader.js(170- 34) - loader.js(173- 3)>","0","","0"
"/home/elena/Documents/Projeto/TestesJs/acmeair-nodejs-master/loader/loader.js","flightSegmentsQueue.drain","EXPRESSION","NONE","<loader.js(176- 30) - loader.js(179- 3)>","0","","0"
"/home/elena/Documents/Projeto/TestesJs/acmeair-nodejs-master/loader/loader.js","createCustomers","DECLARATION","NONE","<loader.js(193- 2) - loader.js(199- 3)>","1","numCustomers","0"
"/home/elena/Documents/Projeto/TestesJs/acmeair-nodejs-master/loader/loader.js","createFlightRelatedData","DECLARATION","NONE","<loader.js(201- 2) - loader.js(253- 3)>","1","callback","0"
"/home/elena/Documents/Projeto/TestesJs/acmeair-nodejs-master/loader/loader.js","csv","EXPRESSION","NONE","<loader.js(209- 14) - loader.js(252- 4)>","1","count","0"
