"File path"," function name"," Library Type"," Number of Params","Parameter Names"," Invocation Location"," Declaration Location"," isItPredefined"
"/home/elena/Documents/Projeto/TestesJs/acmeair-nodejs-master/loader/loader.js","require","NONE","1","'csv'","<loader.js(20- 12) - loader.js(20- 26)>","","False"
"/home/elena/Documents/Projeto/TestesJs/acmeair-nodejs-master/loader/loader.js","require","NONE","1","'log4js'","<loader.js(21- 15) - loader.js(21- 32)>","","False"
"/home/elena/Documents/Projeto/TestesJs/acmeair-nodejs-master/loader/loader.js","require","NONE","1","'node-uuid'","<loader.js(22- 13) - loader.js(22- 33)>","","False"
"/home/elena/Documents/Projeto/TestesJs/acmeair-nodejs-master/loader/loader.js","require","NONE","1","'async'","<loader.js(23- 14) - loader.js(23- 30)>","","False"
"/home/elena/Documents/Projeto/TestesJs/acmeair-nodejs-master/loader/loader.js","require","NONE","1","'fs'","<loader.js(24- 11) - loader.js(24- 24)>","","False"
"/home/elena/Documents/Projeto/TestesJs/acmeair-nodejs-master/loader/loader.js","log4js.getLogger","NONE","1","'loader'","<loader.js(26- 15) - loader.js(26- 41)>","","False"
"/home/elena/Documents/Projeto/TestesJs/acmeair-nodejs-master/loader/loader.js","logger.setLevel","NONE","1","settings.loggerLevel","<loader.js(27- 2) - loader.js(27- 39)>","","False"
"/home/elena/Documents/Projeto/TestesJs/acmeair-nodejs-master/loader/loader.js","fs.readFileSync","NONE","2","'./loader/loader-settings.json'|'utf8'","<loader.js(29- 34) - loader.js(29- 90)>","","False"
"/home/elena/Documents/Projeto/TestesJs/acmeair-nodejs-master/loader/loader.js","JSON.parse","NONE","1","fs.readFileSync","<loader.js(29- 23) - loader.js(29- 91)>","","False"
"/home/elena/Documents/Projeto/TestesJs/acmeair-nodejs-master/loader/loader.js","getDateAtTwelveAM","NONE","1","Date","<loader.js(33- 22) - loader.js(33- 51)>","","False"
"/home/elena/Documents/Projeto/TestesJs/acmeair-nodejs-master/loader/loader.js","JSON.stringify","NONE","1","theObject","<loader.js(77- 21) - loader.js(77- 46)>","","False"
"/home/elena/Documents/Projeto/TestesJs/acmeair-nodejs-master/loader/loader.js","JSON.parse","NONE","1","JSON.stringify","<loader.js(77- 10) - loader.js(77- 47)>","","False"
"/home/elena/Documents/Projeto/TestesJs/acmeair-nodejs-master/loader/loader.js","baseTime.getTime","NONE","0","","<loader.js(82- 19) - loader.js(82- 37)>","","False"
"/home/elena/Documents/Projeto/TestesJs/acmeair-nodejs-master/loader/loader.js","departureTime.getTime","NONE","0","","<loader.js(89- 19) - loader.js(89- 42)>","","False"
"/home/elena/Documents/Projeto/TestesJs/acmeair-nodejs-master/loader/loader.js","theDate.getFullYear","NONE","0","","<loader.js(93- 19) - loader.js(93- 40)>","","False"
"/home/elena/Documents/Projeto/TestesJs/acmeair-nodejs-master/loader/loader.js","theDate.getMonth","NONE","0","","<loader.js(93- 42) - loader.js(93- 60)>","","False"
"/home/elena/Documents/Projeto/TestesJs/acmeair-nodejs-master/loader/loader.js","theDate.getDate","NONE","0","","<loader.js(93- 62) - loader.js(93- 79)>","","False"
"/home/elena/Documents/Projeto/TestesJs/acmeair-nodejs-master/loader/loader.js","Math.random","NONE","0","","<loader.js(97- 28) - loader.js(97- 41)>","","False"
"/home/elena/Documents/Projeto/TestesJs/acmeair-nodejs-master/loader/loader.js","Math.floor","NONE","1","random * 23","<loader.js(97- 16) - loader.js(97- 46)>","","False"
"/home/elena/Documents/Projeto/TestesJs/acmeair-nodejs-master/loader/loader.js","theDate.getFullYear","NONE","0","","<loader.js(98- 19) - loader.js(98- 40)>","","False"
"/home/elena/Documents/Projeto/TestesJs/acmeair-nodejs-master/loader/loader.js","theDate.getMonth","NONE","0","","<loader.js(98- 42) - loader.js(98- 60)>","","False"
"/home/elena/Documents/Projeto/TestesJs/acmeair-nodejs-master/loader/loader.js","theDate.getDate","NONE","0","","<loader.js(98- 62) - loader.js(98- 79)>","","False"
"/home/elena/Documents/Projeto/TestesJs/acmeair-nodejs-master/loader/loader.js","JSON.stringify","NONE","1","customer","<loader.js(102- 42) - loader.js(102- 66)>","","False"
"/home/elena/Documents/Projeto/TestesJs/acmeair-nodejs-master/loader/loader.js","logger.debug","NONE","1","'customer to insert = ' + stringify","<loader.js(102- 3) - loader.js(102- 67)>","","False"
"/home/elena/Documents/Projeto/TestesJs/acmeair-nodejs-master/loader/loader.js","JSON.stringify","NONE","1","customerInserted","<loader.js(104- 42) - loader.js(104- 74)>","","False"
"/home/elena/Documents/Projeto/TestesJs/acmeair-nodejs-master/loader/loader.js","logger.debug","NONE","1","'customer inserted = ' + stringify","<loader.js(104- 4) - loader.js(104- 75)>","","False"
"/home/elena/Documents/Projeto/TestesJs/acmeair-nodejs-master/loader/loader.js","callback","NONE","0","","<loader.js(105- 4) - loader.js(105- 14)>","","False"
"/home/elena/Documents/Projeto/TestesJs/acmeair-nodejs-master/loader/loader.js","loadUtil.insertOne","NONE","3","loadUtil.dbNames.customerName|customer|","<loader.js(103- 3) - loader.js(106- 5)>","","False"
"/home/elena/Documents/Projeto/TestesJs/acmeair-nodejs-master/loader/loader.js","JSON.stringify","NONE","1","airportCodeMappingInserted","<loader.js(111- 52) - loader.js(111- 94)>","","False"
"/home/elena/Documents/Projeto/TestesJs/acmeair-nodejs-master/loader/loader.js","logger.debug","NONE","1","'airportCodeMapping inserted = ' + stringify","<loader.js(111- 4) - loader.js(111- 95)>","","False"
"/home/elena/Documents/Projeto/TestesJs/acmeair-nodejs-master/loader/loader.js","callback","NONE","0","","<loader.js(112- 4) - loader.js(112- 14)>","","False"
"/home/elena/Documents/Projeto/TestesJs/acmeair-nodejs-master/loader/loader.js","loadUtil.insertOne","NONE","3","loadUtil.dbNames.airportCodeMappingName|airportCodeMapping|","<loader.js(110- 3) - loader.js(113- 5)>","","False"
"/home/elena/Documents/Projeto/TestesJs/acmeair-nodejs-master/loader/loader.js","JSON.stringify","NONE","1","flightSegmentInserted","<loader.js(118- 47) - loader.js(118- 84)>","","False"
"/home/elena/Documents/Projeto/TestesJs/acmeair-nodejs-master/loader/loader.js","logger.debug","NONE","1","'flightSegment inserted = ' + stringify","<loader.js(118- 4) - loader.js(118- 85)>","","False"
"/home/elena/Documents/Projeto/TestesJs/acmeair-nodejs-master/loader/loader.js","callback","NONE","0","","<loader.js(119- 4) - loader.js(119- 14)>","","False"
"/home/elena/Documents/Projeto/TestesJs/acmeair-nodejs-master/loader/loader.js","loadUtil.insertOne","NONE","3","loadUtil.dbNames.flightSegmentName|flightSegment|","<loader.js(117- 3) - loader.js(120- 5)>","","False"
"/home/elena/Documents/Projeto/TestesJs/acmeair-nodejs-master/loader/loader.js","JSON.stringify","NONE","1","flightInserted","<loader.js(125- 40) - loader.js(125- 70)>","","False"
"/home/elena/Documents/Projeto/TestesJs/acmeair-nodejs-master/loader/loader.js","logger.debug","NONE","1","'flight inserted = ' + stringify","<loader.js(125- 4) - loader.js(125- 71)>","","False"
"/home/elena/Documents/Projeto/TestesJs/acmeair-nodejs-master/loader/loader.js","callback","NONE","0","","<loader.js(126- 4) - loader.js(126- 14)>","","False"
"/home/elena/Documents/Projeto/TestesJs/acmeair-nodejs-master/loader/loader.js","loadUtil.insertOne","NONE","3","loadUtil.dbNames.flightName|flight|","<loader.js(124- 3) - loader.js(127- 5)>","","False"
"/home/elena/Documents/Projeto/TestesJs/acmeair-nodejs-master/loader/loader.js","res.send","NONE","1","'Already loaded'","<loader.js(133- 4) - loader.js(133- 30)>","","False"
"/home/elena/Documents/Projeto/TestesJs/acmeair-nodejs-master/loader/loader.js","logger.info","NONE","1","'starting loading database'","<loader.js(140- 3) - loader.js(140- 43)>","","False"
"/home/elena/Documents/Projeto/TestesJs/acmeair-nodejs-master/loader/loader.js","createCustomers","NONE","1","numCustomers","<loader.js(141- 4) - loader.js(141- 33)>","","False"
"/home/elena/Documents/Projeto/TestesJs/acmeair-nodejs-master/loader/loader.js","logger.info","NONE","1","'number of customers = ' + length","<loader.js(143- 5) - loader.js(143- 61)>","","False"
"/home/elena/Documents/Projeto/TestesJs/acmeair-nodejs-master/loader/loader.js","logger.info","NONE","1","'number of airportCodeMappings = ' + length","<loader.js(144- 5) - loader.js(144- 81)>","","False"
"/home/elena/Documents/Projeto/TestesJs/acmeair-nodejs-master/loader/loader.js","logger.info","NONE","1","'number of flightSegments = ' + length","<loader.js(145- 5) - loader.js(145- 71)>","","False"
"/home/elena/Documents/Projeto/TestesJs/acmeair-nodejs-master/loader/loader.js","logger.info","NONE","1","'number of flights = ' + length","<loader.js(146- 5) - loader.js(146- 57)>","","False"
"/home/elena/Documents/Projeto/TestesJs/acmeair-nodejs-master/loader/loader.js","logger.info","NONE","1","'all flights loaded'","<loader.js(148- 6) - loader.js(148- 39)>","","False"
"/home/elena/Documents/Projeto/TestesJs/acmeair-nodejs-master/loader/loader.js","logger.info","NONE","1","'ending loading database'","<loader.js(149- 6) - loader.js(149- 44)>","","False"
"/home/elena/Documents/Projeto/TestesJs/acmeair-nodejs-master/loader/loader.js","res.send","NONE","1","'Database Finished Loading'","<loader.js(150- 6) - loader.js(150- 43)>","","False"
"/home/elena/Documents/Projeto/TestesJs/acmeair-nodejs-master/loader/loader.js","customerQueue.push","NONE","1","customers","<loader.js(152- 5) - loader.js(152- 34)>","","False"
"/home/elena/Documents/Projeto/TestesJs/acmeair-nodejs-master/loader/loader.js","createFlightRelatedData","NONE","1","","<loader.js(142- 4) - loader.js(153- 6)>","","False"
"/home/elena/Documents/Projeto/TestesJs/acmeair-nodejs-master/loader/loader.js","res.contentType","NONE","1","text/plain","<loader.js(158- 3) - loader.js(158- 32)>","","False"
"/home/elena/Documents/Projeto/TestesJs/acmeair-nodejs-master/loader/loader.js","loaderSettings.MAX_CUSTOMERS.toString","NONE","0","","<loader.js(159- 12) - loader.js(159- 51)>","","False"
"/home/elena/Documents/Projeto/TestesJs/acmeair-nodejs-master/loader/loader.js","res.send","NONE","1","loaderSettings.MAX_CUSTOMERS.toString","<loader.js(159- 3) - loader.js(159- 52)>","","False"
"/home/elena/Documents/Projeto/TestesJs/acmeair-nodejs-master/loader/loader.js","async.queue","NONE","2","insertCustomer|DATABASE_PARALLELISM","<loader.js(163- 22) - loader.js(163- 71)>","","False"
"/home/elena/Documents/Projeto/TestesJs/acmeair-nodejs-master/loader/loader.js","logger.info","NONE","1","'all customers loaded'","<loader.js(165- 3) - loader.js(165- 38)>","","False"
"/home/elena/Documents/Projeto/TestesJs/acmeair-nodejs-master/loader/loader.js","airportCodeMappingQueue.push","NONE","1","airportCodeMappings","<loader.js(166- 3) - loader.js(166- 52)>","","False"
"/home/elena/Documents/Projeto/TestesJs/acmeair-nodejs-master/loader/loader.js","async.queue","NONE","2","insertAirportCodeMapping|DATABASE_PARALLELISM","<loader.js(169- 32) - loader.js(169- 91)>","","False"
"/home/elena/Documents/Projeto/TestesJs/acmeair-nodejs-master/loader/loader.js","logger.info","NONE","1","'all airportMappings loaded'","<loader.js(171- 3) - loader.js(171- 44)>","","False"
"/home/elena/Documents/Projeto/TestesJs/acmeair-nodejs-master/loader/loader.js","flightSegmentsQueue.push","NONE","1","flightSegments","<loader.js(172- 3) - loader.js(172- 43)>","","False"
"/home/elena/Documents/Projeto/TestesJs/acmeair-nodejs-master/loader/loader.js","async.queue","NONE","2","insertFlightSegment|DATABASE_PARALLELISM","<loader.js(175- 28) - loader.js(175- 82)>","","False"
"/home/elena/Documents/Projeto/TestesJs/acmeair-nodejs-master/loader/loader.js","logger.info","NONE","1","'all flightSegments loaded'","<loader.js(177- 3) - loader.js(177- 43)>","","False"
"/home/elena/Documents/Projeto/TestesJs/acmeair-nodejs-master/loader/loader.js","flightQueue.push","NONE","1","flights","<loader.js(178- 3) - loader.js(178- 28)>","","False"
"/home/elena/Documents/Projeto/TestesJs/acmeair-nodejs-master/loader/loader.js","async.queue","NONE","2","insertFlight|DATABASE_PARALLELISM","<loader.js(181- 20) - loader.js(181- 67)>","","False"
"/home/elena/Documents/Projeto/TestesJs/acmeair-nodejs-master/loader/loader.js","cloneObjectThroughSerialization","NONE","1","customerTemplate","<loader.js(195- 19) - loader.js(195- 68)>","","False"
"/home/elena/Documents/Projeto/TestesJs/acmeair-nodejs-master/loader/loader.js","customers.push","NONE","1","customer","<loader.js(197- 4) - loader.js(197- 28)>","","False"
"/home/elena/Documents/Projeto/TestesJs/acmeair-nodejs-master/loader/loader.js","csv","NONE","0","","<loader.js(203- 3) - loader.js(203- 8)>","","False"
"/home/elena/Documents/Projeto/TestesJs/acmeair-nodejs-master/loader/loader.js","csv","NONE","2","'./loader/mileage.csv'|","<loader.js(203- 3) - loader.js(204- 56)>","","False"
"/home/elena/Documents/Projeto/TestesJs/acmeair-nodejs-master/loader/loader.js","JSON.stringify","NONE","1","data","<loader.js(207- 34) - loader.js(207- 54)>","","False"
"/home/elena/Documents/Projeto/TestesJs/acmeair-nodejs-master/loader/loader.js","logger.debug","NONE","1","'#' + index + ' ' + stringify","<loader.js(207- 7) - loader.js(207- 55)>","","False"
"/home/elena/Documents/Projeto/TestesJs/acmeair-nodejs-master/loader/loader.js","csv","NONE","2","'record'|","<loader.js(203- 3) - loader.js(208- 5)>","","False"
"/home/elena/Documents/Projeto/TestesJs/acmeair-nodejs-master/loader/loader.js","logger.debug","NONE","1","'Number of lines: ' + count","<loader.js(210- 7) - loader.js(210- 48)>","","False"
"/home/elena/Documents/Projeto/TestesJs/acmeair-nodejs-master/loader/loader.js","logger.debug","NONE","1","'rows.length = ' + length","<loader.js(211- 7) - loader.js(211- 51)>","","False"
"/home/elena/Documents/Projeto/TestesJs/acmeair-nodejs-master/loader/loader.js","logger.debug","NONE","1","'rows = ' + rows","<loader.js(212- 7) - loader.js(212- 37)>","","False"
"/home/elena/Documents/Projeto/TestesJs/acmeair-nodejs-master/loader/loader.js","cloneObjectThroughSerialization","NONE","1","airportCodeMappingTemplate","<loader.js(214- 30) - loader.js(214- 89)>","","False"
"/home/elena/Documents/Projeto/TestesJs/acmeair-nodejs-master/loader/loader.js","airportCodeMappings.push","NONE","1","airportCodeMapping","<loader.js(217- 5) - loader.js(217- 49)>","","False"
"/home/elena/Documents/Projeto/TestesJs/acmeair-nodejs-master/loader/loader.js","cloneObjectThroughSerialization","NONE","1","flightSegmentTemplate","<loader.js(229- 27) - loader.js(229- 81)>","","False"
"/home/elena/Documents/Projeto/TestesJs/acmeair-nodejs-master/loader/loader.js","flightSegments.push","NONE","1","flightSegment","<loader.js(234- 7) - loader.js(234- 41)>","","False"
"/home/elena/Documents/Projeto/TestesJs/acmeair-nodejs-master/loader/loader.js","cloneObjectThroughSerialization","NONE","1","flightTemplate","<loader.js(238- 22) - loader.js(238- 69)>","","False"
"/home/elena/Documents/Projeto/TestesJs/acmeair-nodejs-master/loader/loader.js","uuid.v4","NONE","0","","<loader.js(239- 25) - loader.js(239- 34)>","","False"
"/home/elena/Documents/Projeto/TestesJs/acmeair-nodejs-master/loader/loader.js","getDepartureTimeDaysFromDate","NONE","2","nowAtMidnight|kk","<loader.js(243- 41) - loader.js(243- 88)>","","False"
"/home/elena/Documents/Projeto/TestesJs/acmeair-nodejs-master/loader/loader.js","getArrivalTime","NONE","2","flight.scheduledDepartureTime|mileage","<loader.js(244- 39) - loader.js(244- 93)>","","False"
"/home/elena/Documents/Projeto/TestesJs/acmeair-nodejs-master/loader/loader.js","flights.push","NONE","1","flight","<loader.js(245- 9) - loader.js(245- 29)>","","False"
"/home/elena/Documents/Projeto/TestesJs/acmeair-nodejs-master/loader/loader.js","callback","NONE","0","","<loader.js(251- 4) - loader.js(251- 14)>","","False"
"/home/elena/Documents/Projeto/TestesJs/acmeair-nodejs-master/loader/loader.js","csv","NONE","2","'end'|","<loader.js(203- 3) - loader.js(252- 5)>","","False"
