"File path"," function name"," FunctionType"," Library Type","Declaration Location"," Number of Params","Parameter Names"," Number of Return Statements"
"/home/elena/Documents/Projeto/TestesJs/acmeair-nodejs-master/dataaccess/mongo/index.js","module.exports","EXPRESSION","NONE","<index.js(26- 18) - index.js(235- 2)>","1","settings","1"
"/home/elena/Documents/Projeto/TestesJs/acmeair-nodejs-master/dataaccess/mongo/index.js","module.initializeDatabaseConnections","EXPRESSION","NONE","<index.js(46- 41) - index.js(136- 3)>","1","callback","0"
"/home/elena/Documents/Projeto/TestesJs/acmeair-nodejs-master/dataaccess/mongo/index.js","generate_mongo_url","EXPRESSION","NONE","<index.js(86- 28) - index.js(110- 4)>","1","obj","0"
"/home/elena/Documents/Projeto/TestesJs/acmeair-nodejs-master/dataaccess/mongo/index.js","mongodb.connect","EXPRESSION","NONE","<index.js(115- 39) - index.js(135- 11)>","2","err|conn","0"
"/home/elena/Documents/Projeto/TestesJs/acmeair-nodejs-master/dataaccess/mongo/index.js","dbclient.ensureIndex","EXPRESSION","NONE","<index.js(122- 36) - index.js(124- 16)>","2","err|indexName","0"
"/home/elena/Documents/Projeto/TestesJs/acmeair-nodejs-master/dataaccess/mongo/index.js","dbclient.ensureIndex","EXPRESSION","NONE","<index.js(126- 36) - index.js(128- 16)>","2","err|indexName","0"
"/home/elena/Documents/Projeto/TestesJs/acmeair-nodejs-master/dataaccess/mongo/index.js","dbclient.ensureIndex","EXPRESSION","NONE","<index.js(130- 36) - index.js(132- 16)>","2","err|indexName","0"
"/home/elena/Documents/Projeto/TestesJs/acmeair-nodejs-master/dataaccess/mongo/index.js","module.insertOne","EXPRESSION","NONE","<index.js(138- 21) - index.js(148- 3)>","3","collectionname|doc|callback","0"
"/home/elena/Documents/Projeto/TestesJs/acmeair-nodejs-master/dataaccess/mongo/index.js","dbclient.collection","EXPRESSION","NONE","<index.js(139- 38) - index.js(147- 5)>","2","error|collection","0"
"/home/elena/Documents/Projeto/TestesJs/acmeair-nodejs-master/dataaccess/mongo/index.js","module.findOne","EXPRESSION","NONE","<index.js(151- 19) - index.js(171- 3)>","3","collectionname|key|callback","0"
"/home/elena/Documents/Projeto/TestesJs/acmeair-nodejs-master/dataaccess/mongo/index.js","dbclient.collection","EXPRESSION","NONE","<index.js(152- 39) - index.js(170- 4)>","2","error|collection","0"
"/home/elena/Documents/Projeto/TestesJs/acmeair-nodejs-master/dataaccess/mongo/index.js","collection.find","EXPRESSION","NONE","<index.js(158- 41) - index.js(168- 6)>","2","err|docs","0"
"/home/elena/Documents/Projeto/TestesJs/acmeair-nodejs-master/dataaccess/mongo/index.js","module.update","EXPRESSION","NONE","<index.js(173- 18) - index.js(186- 3)>","3","collectionname|doc|callback","0"
"/home/elena/Documents/Projeto/TestesJs/acmeair-nodejs-master/dataaccess/mongo/index.js","dbclient.collection","EXPRESSION","NONE","<index.js(174- 39) - index.js(185- 4)>","2","error|collection","0"
"/home/elena/Documents/Projeto/TestesJs/acmeair-nodejs-master/dataaccess/mongo/index.js","collection.update","EXPRESSION","NONE","<index.js(180- 58) - index.js(183- 6)>","2","err|numUpdates","0"
"/home/elena/Documents/Projeto/TestesJs/acmeair-nodejs-master/dataaccess/mongo/index.js","module.remove","EXPRESSION","NONE","<index.js(188- 18) - index.js(201- 3)>","3","collectionname|condition|callback","0"
"/home/elena/Documents/Projeto/TestesJs/acmeair-nodejs-master/dataaccess/mongo/index.js","dbclient.collection","EXPRESSION","NONE","<index.js(189- 38) - index.js(200- 4)>","2","error|collection","0"
"/home/elena/Documents/Projeto/TestesJs/acmeair-nodejs-master/dataaccess/mongo/index.js","collection.remove","EXPRESSION","NONE","<index.js(195- 59) - index.js(198- 6)>","2","err|numDocs","0"
"/home/elena/Documents/Projeto/TestesJs/acmeair-nodejs-master/dataaccess/mongo/index.js","module.findBy","EXPRESSION","NONE","<index.js(203- 18) - index.js(216- 3)>","3","collectionname|condition|callback","0"
"/home/elena/Documents/Projeto/TestesJs/acmeair-nodejs-master/dataaccess/mongo/index.js","dbclient.collection","EXPRESSION","NONE","<index.js(204- 38) - index.js(215- 4)>","2","error|collection","0"
"/home/elena/Documents/Projeto/TestesJs/acmeair-nodejs-master/dataaccess/mongo/index.js","collection.find","EXPRESSION","NONE","<index.js(210- 40) - index.js(213- 6)>","2","err|docs","0"
"/home/elena/Documents/Projeto/TestesJs/acmeair-nodejs-master/dataaccess/mongo/index.js","module.count","EXPRESSION","NONE","<index.js(218- 17) - index.js(231- 3)>","3","collectionname|condition|callback","0"
"/home/elena/Documents/Projeto/TestesJs/acmeair-nodejs-master/dataaccess/mongo/index.js","dbclient.collection","EXPRESSION","NONE","<index.js(219- 38) - index.js(230- 4)>","2","error|collection","0"
"/home/elena/Documents/Projeto/TestesJs/acmeair-nodejs-master/dataaccess/mongo/index.js","collection.count","EXPRESSION","NONE","<index.js(225- 33) - index.js(228- 6)>","2","err|count","0"
