"File path"," function name"," Library Type"," Number of Params","Parameter Names"," Invocation Location"," Declaration Location"," isItPredefined"
"/home/elena/Documents/Projeto/TestesJs/acmeair-nodejs-master/dataaccess/mongo/index.js","require","NONE","1","'mongodb'","<index.js(29- 16) - index.js(29- 34)>","","False"
"/home/elena/Documents/Projeto/TestesJs/acmeair-nodejs-master/dataaccess/mongo/index.js","require","NONE","1","'log4js'","<index.js(30- 15) - index.js(30- 32)>","","False"
"/home/elena/Documents/Projeto/TestesJs/acmeair-nodejs-master/dataaccess/mongo/index.js","log4js.getLogger","NONE","1","'dataaccess/mongo'","<index.js(32- 15) - index.js(32- 51)>","","False"
"/home/elena/Documents/Projeto/TestesJs/acmeair-nodejs-master/dataaccess/mongo/index.js","logger.setLevel","NONE","1","settings.loggerLevel","<index.js(33- 2) - index.js(33- 39)>","","False"
"/home/elena/Documents/Projeto/TestesJs/acmeair-nodejs-master/dataaccess/mongo/index.js","JSON.parse","NONE","1","process.env.VCAP_SERVICES","<index.js(50- 16) - index.js(50- 53)>","","False"
"/home/elena/Documents/Projeto/TestesJs/acmeair-nodejs-master/dataaccess/mongo/index.js","logger.info","NONE","2","env: %j|env","<index.js(51- 15) - index.js(51- 41)>","","False"
"/home/elena/Documents/Projeto/TestesJs/acmeair-nodejs-master/dataaccess/mongo/index.js","Object.keys","NONE","1","env","<index.js(52- 23) - index.js(52- 39)>","","False"
"/home/elena/Documents/Projeto/TestesJs/acmeair-nodejs-master/dataaccess/mongo/index.js","logger.info","NONE","2","mongo: %j|mongo","<index.js(56- 11) - index.js(56- 41)>","","False"
"/home/elena/Documents/Projeto/TestesJs/acmeair-nodejs-master/dataaccess/mongo/index.js","logger.info","NONE","1","process.env.MONGO_PORT","<index.js(62- 10) - index.js(62- 45)>","","False"
"/home/elena/Documents/Projeto/TestesJs/acmeair-nodejs-master/dataaccess/mongo/index.js","logger.info","NONE","1","process.env.MONGO_PORT_27017_TCP_ADDR","<index.js(63- 10) - index.js(63- 60)>","","False"
"/home/elena/Documents/Projeto/TestesJs/acmeair-nodejs-master/dataaccess/mongo/index.js","logger.info","NONE","1","process.env.MONGO_PORT_27017_TCP_PORT","<index.js(64- 10) - index.js(64- 60)>","","False"
"/home/elena/Documents/Projeto/TestesJs/acmeair-nodejs-master/dataaccess/mongo/index.js","logger.info","NONE","2","mongo: %j|process.env.MONGO_URL","<index.js(89- 6) - index.js(89- 52)>","","False"
"/home/elena/Documents/Projeto/TestesJs/acmeair-nodejs-master/dataaccess/mongo/index.js","generate_mongo_url","NONE","1","mongo","<index.js(112- 18) - index.js(112- 43)>","","False"
"/home/elena/Documents/Projeto/TestesJs/acmeair-nodejs-master/dataaccess/mongo/index.js","callback","NONE","1","err","<index.js(117- 18) - index.js(117- 31)>","","False"
"/home/elena/Documents/Projeto/TestesJs/acmeair-nodejs-master/dataaccess/mongo/index.js","logger.info","NONE","1","ensureIndex: + err + : + indexName","<index.js(123- 16) - index.js(123- 61)>","","False"
"/home/elena/Documents/Projeto/TestesJs/acmeair-nodejs-master/dataaccess/mongo/index.js","dbclient.ensureIndex","NONE","4","module.dbNames.bookingName|||","<index.js(121- 15) - index.js(124- 17)>","","False"
"/home/elena/Documents/Projeto/TestesJs/acmeair-nodejs-master/dataaccess/mongo/index.js","logger.info","NONE","1","ensureIndex: + err + : + indexName","<index.js(127- 16) - index.js(127- 61)>","","False"
"/home/elena/Documents/Projeto/TestesJs/acmeair-nodejs-master/dataaccess/mongo/index.js","dbclient.ensureIndex","NONE","4","module.dbNames.flightName|||","<index.js(125- 15) - index.js(128- 17)>","","False"
"/home/elena/Documents/Projeto/TestesJs/acmeair-nodejs-master/dataaccess/mongo/index.js","logger.info","NONE","1","ensureIndex: + err + : + indexName","<index.js(131- 16) - index.js(131- 61)>","","False"
"/home/elena/Documents/Projeto/TestesJs/acmeair-nodejs-master/dataaccess/mongo/index.js","dbclient.ensureIndex","NONE","4","module.dbNames.flightSegmentName|||","<index.js(129- 15) - index.js(132- 17)>","","False"
"/home/elena/Documents/Projeto/TestesJs/acmeair-nodejs-master/dataaccess/mongo/index.js","callback","NONE","1","null","<index.js(133- 15) - index.js(133- 29)>","","False"
"/home/elena/Documents/Projeto/TestesJs/acmeair-nodejs-master/dataaccess/mongo/index.js","mongodb.connect","NONE","3","mongourl|c_opt|","<index.js(115- 6) - index.js(135- 12)>","","False"
"/home/elena/Documents/Projeto/TestesJs/acmeair-nodejs-master/dataaccess/mongo/index.js","logger.error","NONE","1","insertOne hit error: + error","<index.js(141- 7) - index.js(141- 49)>","","False"
"/home/elena/Documents/Projeto/TestesJs/acmeair-nodejs-master/dataaccess/mongo/index.js","callback","NONE","2","error|null","<index.js(142- 7) - index.js(142- 28)>","","False"
"/home/elena/Documents/Projeto/TestesJs/acmeair-nodejs-master/dataaccess/mongo/index.js","collection.insert","NONE","3","doc||callback","<index.js(145- 7) - index.js(145- 53)>","","False"
"/home/elena/Documents/Projeto/TestesJs/acmeair-nodejs-master/dataaccess/mongo/index.js","dbclient.collection","NONE","2","collectionname|","<index.js(139- 3) - index.js(147- 6)>","","False"
"/home/elena/Documents/Projeto/TestesJs/acmeair-nodejs-master/dataaccess/mongo/index.js","logger.error","NONE","1","findOne hit error: + error","<index.js(154- 7) - index.js(154- 47)>","","False"
"/home/elena/Documents/Projeto/TestesJs/acmeair-nodejs-master/dataaccess/mongo/index.js","callback","NONE","2","error|null","<index.js(155- 7) - index.js(155- 28)>","","False"
"/home/elena/Documents/Projeto/TestesJs/acmeair-nodejs-master/dataaccess/mongo/index.js","collection.find","NONE","1","","<index.js(158- 5) - index.js(158- 32)>","","False"
"/home/elena/Documents/Projeto/TestesJs/acmeair-nodejs-master/dataaccess/mongo/index.js","callback","NONE","2","err|null","<index.js(159- 15) - index.js(159- 35)>","","False"
"/home/elena/Documents/Projeto/TestesJs/acmeair-nodejs-master/dataaccess/mongo/index.js","callback","NONE","2","null|doc","<index.js(162- 19) - index.js(162- 38)>","","False"
"/home/elena/Documents/Projeto/TestesJs/acmeair-nodejs-master/dataaccess/mongo/index.js","logger.debug","NONE","1","Not found: + key","<index.js(165- 19) - index.js(165- 49)>","","False"
"/home/elena/Documents/Projeto/TestesJs/acmeair-nodejs-master/dataaccess/mongo/index.js","callback","NONE","2","null|null","<index.js(166- 19) - index.js(166- 39)>","","False"
"/home/elena/Documents/Projeto/TestesJs/acmeair-nodejs-master/dataaccess/mongo/index.js","collection.find","NONE","1","","<index.js(158- 5) - index.js(168- 7)>","","False"
"/home/elena/Documents/Projeto/TestesJs/acmeair-nodejs-master/dataaccess/mongo/index.js","dbclient.collection","NONE","2","collectionname|","<index.js(152- 3) - index.js(170- 5)>","","False"
"/home/elena/Documents/Projeto/TestesJs/acmeair-nodejs-master/dataaccess/mongo/index.js","logger.error","NONE","1","update hit error: + error","<index.js(176- 7) - index.js(176- 46)>","","False"
"/home/elena/Documents/Projeto/TestesJs/acmeair-nodejs-master/dataaccess/mongo/index.js","callback","NONE","2","error|null","<index.js(177- 7) - index.js(177- 28)>","","False"
"/home/elena/Documents/Projeto/TestesJs/acmeair-nodejs-master/dataaccess/mongo/index.js","logger.debug","NONE","1","numUpdates","<index.js(181- 6) - index.js(181- 30)>","","False"
"/home/elena/Documents/Projeto/TestesJs/acmeair-nodejs-master/dataaccess/mongo/index.js","callback","NONE","2","err|doc","<index.js(182- 6) - index.js(182- 24)>","","False"
"/home/elena/Documents/Projeto/TestesJs/acmeair-nodejs-master/dataaccess/mongo/index.js","collection.update","NONE","4","|doc||","<index.js(180- 5) - index.js(183- 7)>","","False"
"/home/elena/Documents/Projeto/TestesJs/acmeair-nodejs-master/dataaccess/mongo/index.js","dbclient.collection","NONE","2","collectionname|","<index.js(174- 3) - index.js(185- 5)>","","False"
"/home/elena/Documents/Projeto/TestesJs/acmeair-nodejs-master/dataaccess/mongo/index.js","logger.error","NONE","1","remove hit error: + error","<index.js(191- 7) - index.js(191- 46)>","","False"
"/home/elena/Documents/Projeto/TestesJs/acmeair-nodejs-master/dataaccess/mongo/index.js","callback","NONE","2","error|null","<index.js(192- 7) - index.js(192- 28)>","","False"
"/home/elena/Documents/Projeto/TestesJs/acmeair-nodejs-master/dataaccess/mongo/index.js","callback","NONE","1","err","<index.js(196- 15) - index.js(196- 29)>","","False"
"/home/elena/Documents/Projeto/TestesJs/acmeair-nodejs-master/dataaccess/mongo/index.js","callback","NONE","1","null","<index.js(197- 11) - index.js(197- 25)>","","False"
"/home/elena/Documents/Projeto/TestesJs/acmeair-nodejs-master/dataaccess/mongo/index.js","collection.remove","NONE","3","||","<index.js(195- 5) - index.js(198- 7)>","","False"
"/home/elena/Documents/Projeto/TestesJs/acmeair-nodejs-master/dataaccess/mongo/index.js","dbclient.collection","NONE","2","collectionname|","<index.js(189- 3) - index.js(200- 5)>","","False"
"/home/elena/Documents/Projeto/TestesJs/acmeair-nodejs-master/dataaccess/mongo/index.js","logger.error","NONE","1","findBy hit error: + error","<index.js(206- 7) - index.js(206- 46)>","","False"
"/home/elena/Documents/Projeto/TestesJs/acmeair-nodejs-master/dataaccess/mongo/index.js","callback","NONE","2","error|null","<index.js(207- 7) - index.js(207- 28)>","","False"
"/home/elena/Documents/Projeto/TestesJs/acmeair-nodejs-master/dataaccess/mongo/index.js","collection.find","NONE","1","condition","<index.js(210- 5) - index.js(210- 31)>","","False"
"/home/elena/Documents/Projeto/TestesJs/acmeair-nodejs-master/dataaccess/mongo/index.js","callback","NONE","2","err|null","<index.js(211- 15) - index.js(211- 35)>","","False"
"/home/elena/Documents/Projeto/TestesJs/acmeair-nodejs-master/dataaccess/mongo/index.js","callback","NONE","2","null|docs","<index.js(212- 11) - index.js(212- 31)>","","False"
"/home/elena/Documents/Projeto/TestesJs/acmeair-nodejs-master/dataaccess/mongo/index.js","collection.find","NONE","1","","<index.js(210- 5) - index.js(213- 7)>","","False"
"/home/elena/Documents/Projeto/TestesJs/acmeair-nodejs-master/dataaccess/mongo/index.js","dbclient.collection","NONE","2","collectionname|","<index.js(204- 3) - index.js(215- 5)>","","False"
"/home/elena/Documents/Projeto/TestesJs/acmeair-nodejs-master/dataaccess/mongo/index.js","logger.error","NONE","1","count hit error: + error","<index.js(221- 7) - index.js(221- 45)>","","False"
"/home/elena/Documents/Projeto/TestesJs/acmeair-nodejs-master/dataaccess/mongo/index.js","callback","NONE","2","error|null","<index.js(222- 7) - index.js(222- 28)>","","False"
"/home/elena/Documents/Projeto/TestesJs/acmeair-nodejs-master/dataaccess/mongo/index.js","callback","NONE","2","err|null","<index.js(226- 15) - index.js(226- 35)>","","False"
"/home/elena/Documents/Projeto/TestesJs/acmeair-nodejs-master/dataaccess/mongo/index.js","callback","NONE","2","null|count","<index.js(227- 11) - index.js(227- 32)>","","False"
"/home/elena/Documents/Projeto/TestesJs/acmeair-nodejs-master/dataaccess/mongo/index.js","collection.count","NONE","2","condition|","<index.js(225- 5) - index.js(228- 7)>","","False"
"/home/elena/Documents/Projeto/TestesJs/acmeair-nodejs-master/dataaccess/mongo/index.js","dbclient.collection","NONE","2","collectionname|","<index.js(219- 3) - index.js(230- 5)>","","False"
