"File path"," function name"," Library Type"," Number of Params","Parameter Names"," Invocation Location"," Declaration Location"," isItPredefined"
"/home/elena/Documents/Projeto/TestesJs/acmeair-nodejs-master/authservice/routes/index.js","require","NONE","1","'node-uuid'","<index.js(19- 13) - index.js(19- 33)>","","False"
"/home/elena/Documents/Projeto/TestesJs/acmeair-nodejs-master/authservice/routes/index.js","require","NONE","1","'log4js'","<index.js(20- 15) - index.js(20- 32)>","","False"
"/home/elena/Documents/Projeto/TestesJs/acmeair-nodejs-master/authservice/routes/index.js","log4js.getLogger","NONE","1","'authservice/routes'","<index.js(22- 15) - index.js(22- 53)>","","False"
"/home/elena/Documents/Projeto/TestesJs/acmeair-nodejs-master/authservice/routes/index.js","logger.setLevel","NONE","1","settings.loggerLevel","<index.js(23- 2) - index.js(23- 39)>","","False"
"/home/elena/Documents/Projeto/TestesJs/acmeair-nodejs-master/authservice/routes/index.js","logger.info","NONE","1","Use dataaccess: + daModuleName","<index.js(26- 2) - index.js(26- 45)>","","False"
"/home/elena/Documents/Projeto/TestesJs/acmeair-nodejs-master/authservice/routes/index.js","require","NONE","1","settings","<index.js(27- 19) - index.js(27- 54)>","","False"
"/home/elena/Documents/Projeto/TestesJs/acmeair-nodejs-master/authservice/routes/index.js","dataaccess.initializeDatabaseConnections","NONE","1","callback","<index.js(32- 3) - index.js(32- 53)>","","False"
"/home/elena/Documents/Projeto/TestesJs/acmeair-nodejs-master/authservice/routes/index.js","logger.debug","NONE","1","create session in DB: + customerId","<index.js(36- 3) - index.js(36- 51)>","","False"
"/home/elena/Documents/Projeto/TestesJs/acmeair-nodejs-master/authservice/routes/index.js","now.getTime","NONE","0","","<index.js(39- 24) - index.js(39- 37)>","","False"
"/home/elena/Documents/Projeto/TestesJs/acmeair-nodejs-master/authservice/routes/index.js","uuid.v4","NONE","0","","<index.js(41- 28) - index.js(41- 37)>","","False"
"/home/elena/Documents/Projeto/TestesJs/acmeair-nodejs-master/authservice/routes/index.js","callback","NONE","2","error|null","<index.js(44- 15) - index.js(44- 37)>","","False"
"/home/elena/Documents/Projeto/TestesJs/acmeair-nodejs-master/authservice/routes/index.js","callback","NONE","2","error|document","<index.js(45- 9) - index.js(45- 34)>","","False"
"/home/elena/Documents/Projeto/TestesJs/acmeair-nodejs-master/authservice/routes/index.js","dataaccess.insertOne","NONE","3","module.dbNames.customerSessionName|document|","<index.js(43- 3) - index.js(46- 5)>","","False"
"/home/elena/Documents/Projeto/TestesJs/acmeair-nodejs-master/authservice/routes/index.js","logger.debug","NONE","1","validate session in DB: + sessionId","<index.js(50- 3) - index.js(50- 52)>","","False"
"/home/elena/Documents/Projeto/TestesJs/acmeair-nodejs-master/authservice/routes/index.js","callback","NONE","2","err|null","<index.js(54- 13) - index.js(54- 33)>","","False"
"/home/elena/Documents/Projeto/TestesJs/acmeair-nodejs-master/authservice/routes/index.js","callback","NONE","2","null|null","<index.js(58- 7) - index.js(58- 27)>","","False"
"/home/elena/Documents/Projeto/TestesJs/acmeair-nodejs-master/authservice/routes/index.js","daraaccess.remove","NONE","3","module.dbNames.customerSessionName|sessionId|","<index.js(57- 6) - index.js(59- 8)>","","False"
"/home/elena/Documents/Projeto/TestesJs/acmeair-nodejs-master/authservice/routes/index.js","callback","NONE","2","null|session","<index.js(62- 6) - index.js(62- 29)>","","False"
"/home/elena/Documents/Projeto/TestesJs/acmeair-nodejs-master/authservice/routes/index.js","dataaccess.findOne","NONE","3","module.dbNames.customerSessionName|sessionId|","<index.js(53- 6) - index.js(64- 5)>","","False"
"/home/elena/Documents/Projeto/TestesJs/acmeair-nodejs-master/authservice/routes/index.js","logger.debug","NONE","1","invalidate session in DB: + sessionid","<index.js(68- 3) - index.js(68- 54)>","","False"
"/home/elena/Documents/Projeto/TestesJs/acmeair-nodejs-master/authservice/routes/index.js","dataaccess.remove","NONE","3","module.dbNames.customerSessionName|sessionid|callback","<index.js(69- 6) - index.js(69- 78)>","","False"
"/home/elena/Documents/Projeto/TestesJs/acmeair-nodejs-master/authservice/routes/index.js","dataaccess.initializeDatabaseConnections","NONE","1","callback","<index.js(73- 3) - index.js(73- 53)>","","False"
