"File path"," function name"," FunctionType"," Library Type","Declaration Location"," Number of Params","Parameter Names"," Number of Return Statements"
"/home/elena/Documents/Projeto/TestesJs/acmeair-nodejs-master/authservice/routes/index.js","module.exports","EXPRESSION","NONE","<index.js(17- 18) - index.js(77- 2)>","2","dbtype|settings","1"
"/home/elena/Documents/Projeto/TestesJs/acmeair-nodejs-master/authservice/routes/index.js","module.initializeDatabaseConnections","EXPRESSION","NONE","<index.js(31- 41) - index.js(33- 3)>","1","callback","0"
"/home/elena/Documents/Projeto/TestesJs/acmeair-nodejs-master/authservice/routes/index.js","module.createSessionInDB","EXPRESSION","NONE","<index.js(35- 29) - index.js(47- 3)>","2","customerId|callback","0"
"/home/elena/Documents/Projeto/TestesJs/acmeair-nodejs-master/authservice/routes/index.js","dataaccess.insertOne","EXPRESSION","NONE","<index.js(43- 70) - index.js(46- 4)>","2","error|doc","0"
"/home/elena/Documents/Projeto/TestesJs/acmeair-nodejs-master/authservice/routes/index.js","module.validateSessionInDB","EXPRESSION","NONE","<index.js(49- 31) - index.js(65- 3)>","2","sessionId|callback","0"
"/home/elena/Documents/Projeto/TestesJs/acmeair-nodejs-master/authservice/routes/index.js","dataaccess.findOne","EXPRESSION","NONE","<index.js(53- 72) - index.js(64- 4)>","2","err|session","0"
"/home/elena/Documents/Projeto/TestesJs/acmeair-nodejs-master/authservice/routes/index.js","daraaccess.remove","EXPRESSION","NONE","<index.js(57- 70) - index.js(59- 7)>","1","error","0"
"/home/elena/Documents/Projeto/TestesJs/acmeair-nodejs-master/authservice/routes/index.js","module.invalidateSessionInDB","EXPRESSION","NONE","<index.js(67- 33) - index.js(70- 3)>","2","sessionid|callback","0"
"/home/elena/Documents/Projeto/TestesJs/acmeair-nodejs-master/authservice/routes/index.js","module.initializeDatabaseConnections","EXPRESSION","NONE","<index.js(72- 41) - index.js(74- 3)>","1","callback","0"
