"Class name"," File"," Is Declaration Predefined?"," Location"," Has Infered? "," Constructor Lines of Code"," Class Lines of Codes"," Number of methods"," Number of attributes"," Number of Parameters"," Is definition in a library?"," Number of instantiation"," Is aliased?"," Has Namespace?"
"Date","Date","TRUE","","0","0","","/home/elena/Documents/Projeto/TestesJs/acmeair-nodejs-master/loader/loader.js","js.Date","NONE","false"
"Date","Date","TRUE","","1","1","","/home/elena/Documents/Projeto/TestesJs/acmeair-nodejs-master/loader/loader.js","js.Date","NONE","false"
"Date","Date","TRUE","","1","1","","/home/elena/Documents/Projeto/TestesJs/acmeair-nodejs-master/loader/loader.js","js.Date","NONE","false"
"Date","Date","TRUE","","7","7","","/home/elena/Documents/Projeto/TestesJs/acmeair-nodejs-master/loader/loader.js","js.Date","NONE","false"
"Date","Date","TRUE","","7","7","","/home/elena/Documents/Projeto/TestesJs/acmeair-nodejs-master/loader/loader.js","js.Date","NONE","false"
