"Object Creation Name"," Class FQN"," Is Declaration Predefined?"," DeclarationType"," Number of Arguments"," Number of Parameters"," Parameter Names"," Invocation Location"," Declaration Location"," Is invocation in a library?"," Is definition in a library?"
"Date","Date","TRUE","","0","0","","/home/elena/Documents/Projeto/TestesJs/acmeair-nodejs-master/loader/loader.js","js.Date","NONE","false"
"Date","Date","TRUE","","1","1","","/home/elena/Documents/Projeto/TestesJs/acmeair-nodejs-master/loader/loader.js","js.Date","NONE","false"
"Date","Date","TRUE","","1","1","","/home/elena/Documents/Projeto/TestesJs/acmeair-nodejs-master/loader/loader.js","js.Date","NONE","false"
"Date","Date","TRUE","","7","7","","/home/elena/Documents/Projeto/TestesJs/acmeair-nodejs-master/loader/loader.js","js.Date","NONE","false"
"Date","Date","TRUE","","7","7","","/home/elena/Documents/Projeto/TestesJs/acmeair-nodejs-master/loader/loader.js","js.Date","NONE","false"
